{"milestones":[{"name":"release 0.1"},{"name":"release 0.2"},{"name":"release 0.3"},{"name":"release 0.4"}],"attachments":[],"versions":[{"name":"0.1"},{"name":"0.2"}],"comments":[{"content":"Implement Pico Bootstrapper for the swingclient app. refs #9.\n\n→ <<cset 113f09d6243e>>","created_on":"2009-09-05T11:33:22.332968+00:00","user":{"display_name":"Tom Denley","account_id":"5b96769f63c47c2c7d3e5d74"},"updated_on":null,"issue":9,"id":50344},{"content":null,"created_on":"2009-10-01T21:24:13.016490+00:00","user":{"display_name":"Tom Denley","account_id":"5b96769f63c47c2c7d3e5d74"},"updated_on":null,"issue":9,"id":60688},{"content":null,"created_on":"2010-02-28T14:12:10.070786+00:00","user":{"display_name":"Tom Denley","account_id":"5b96769f63c47c2c7d3e5d74"},"updated_on":null,"issue":9,"id":131631},{"content":"Include WindowLicker development version to support acceptance testing through the user interface. refs #28\n\n→ <<cset a28776599948>>","created_on":"2010-01-30T18:11:16.781885+00:00","user":{"display_name":"Tom Denley","account_id":"5b96769f63c47c2c7d3e5d74"},"updated_on":null,"issue":28,"id":114862},{"content":"Add basic UI acceptance test. refs #28\n\n→ <<cset f09490643bef>>","created_on":"2010-01-30T18:11:17.093450+00:00","user":{"display_name":"Tom Denley","account_id":"5b96769f63c47c2c7d3e5d74"},"updated_on":null,"issue":28,"id":114863},{"content":"Remove restriction that application frame is showing - refs #28\n\n→ <<cset 264b293c40c3>>","created_on":"2010-01-31T17:51:44.006239+00:00","user":{"display_name":"Tom Denley","account_id":"5b96769f63c47c2c7d3e5d74"},"updated_on":null,"issue":28,"id":115236},{"content":"Added a new StartUpTest to test application startup and selection of home directory (still work in progress) - refs #28\n\n→ <<cset 95ffb7ae8e8f>>","created_on":"2010-01-31T17:51:44.247019+00:00","user":{"display_name":"Tom Denley","account_id":"5b96769f63c47c2c7d3e5d74"},"updated_on":null,"issue":28,"id":115237},{"content":"Added new UI tests - refs #28\n\n→ <<cset 2cf2d7e0512f>>","created_on":"2010-01-31T23:07:48.497657+00:00","user":{"display_name":"Tom Denley","account_id":"5b96769f63c47c2c7d3e5d74"},"updated_on":null,"issue":28,"id":115378},{"content":"Tidy UI acceptance tests refs #28\n\n→ <<cset 05968e5c7765>>","created_on":"2010-02-07T10:45:51.315408+00:00","user":{"display_name":"Tom Denley","account_id":"5b96769f63c47c2c7d3e5d74"},"updated_on":null,"issue":28,"id":119248},{"content":"Better document UI acceptance tests - refs #28\n\n→ <<cset 0729c2f3b089>>","created_on":"2010-02-07T10:49:14.695489+00:00","user":{"display_name":"Tom Denley","account_id":"5b96769f63c47c2c7d3e5d74"},"updated_on":null,"issue":28,"id":119249},{"content":"Move application drivers for UI testing into a separate package - refs #28\n\n→ <<cset 0def1a3a27a3>>","created_on":"2010-02-07T10:53:59.435150+00:00","user":{"display_name":"Tom Denley","account_id":"5b96769f63c47c2c7d3e5d74"},"updated_on":null,"issue":28,"id":119250},{"content":"Extract superclass for end-to-end tests - refs #28\n\n→ <<cset bbd4d4b6e59f>>","created_on":"2010-02-07T13:39:44.107022+00:00","user":{"display_name":"Tom Denley","account_id":"5b96769f63c47c2c7d3e5d74"},"updated_on":null,"issue":28,"id":119301},{"content":"UI end-to-end testing - refs #28\n\n→ <<cset 4db75b1dca12>>","created_on":"2010-02-07T17:39:36.550789+00:00","user":{"display_name":"Tom Denley","account_id":"5b96769f63c47c2c7d3e5d74"},"updated_on":null,"issue":28,"id":119417},{"content":"Added TODO - refs #28\n\n→ <<cset 0158ea2fe47a>>","created_on":"2010-02-08T23:15:37.695519+00:00","user":{"display_name":"Tom Denley","account_id":"5b96769f63c47c2c7d3e5d74"},"updated_on":null,"issue":28,"id":120175},{"content":"Complete first real end-to-end gui test - refs #28\n\n→ <<cset ba68c1bbd3f2>>","created_on":"2010-02-27T15:46:02.201906+00:00","user":{"display_name":"Tom Denley","account_id":"5b96769f63c47c2c7d3e5d74"},"updated_on":null,"issue":28,"id":131245},{"content":null,"created_on":"2010-02-28T14:10:42.832032+00:00","user":{"display_name":"Tom Denley","account_id":"5b96769f63c47c2c7d3e5d74"},"updated_on":null,"issue":28,"id":131628},{"content":null,"created_on":"2010-08-22T21:54:05.933468+00:00","user":{"display_name":"Tom Denley","account_id":"5b96769f63c47c2c7d3e5d74"},"updated_on":null,"issue":28,"id":232992},{"content":null,"created_on":"2009-09-02T22:31:19.271790+00:00","user":{"display_name":"Tom Denley","account_id":"5b96769f63c47c2c7d3e5d74"},"updated_on":null,"issue":13,"id":48158},{"content":null,"created_on":"2009-09-03T07:07:46.228136+00:00","user":{"display_name":"Tom Denley","account_id":"5b96769f63c47c2c7d3e5d74"},"updated_on":null,"issue":13,"id":48247},{"content":null,"created_on":"2010-02-28T14:12:13.970534+00:00","user":{"display_name":"Tom Denley","account_id":"5b96769f63c47c2c7d3e5d74"},"updated_on":null,"issue":17,"id":131632},{"content":null,"created_on":"2009-08-31T17:37:22.936344+00:00","user":{"display_name":"Tom Denley","account_id":"5b96769f63c47c2c7d3e5d74"},"updated_on":null,"issue":11,"id":47213},{"content":"Add a new DocumentContentPanel to display document content where possible. fixes #11\n\n→ <<cset c26d90f93b5f>>","created_on":"2009-09-12T08:25:06.825405+00:00","user":{"display_name":"Tom Denley","account_id":"5b96769f63c47c2c7d3e5d74"},"updated_on":null,"issue":11,"id":52828},{"content":"Start of drag and drop refs #18\n\n→ <<cset 3592bbf12c9f>>","created_on":"2010-02-08T23:26:33.591878+00:00","user":{"display_name":"jenny99r","account_id":null},"updated_on":null,"issue":18,"id":120182},{"content":"Fixed null pointer exception which corrected drag and drop issue fixes #18\n\n→ <<cset 3d044cabf019>>","created_on":"2010-02-10T22:37:21.869086+00:00","user":{"display_name":"jenny99r","account_id":null},"updated_on":null,"issue":18,"id":121475},{"content":null,"created_on":"2009-10-01T21:24:28.522667+00:00","user":{"display_name":"Tom Denley","account_id":"5b96769f63c47c2c7d3e5d74"},"updated_on":null,"issue":19,"id":60692},{"content":"Fixed by <<changeset 24dcdfd6e7f1>> merged in on <<changeset 06e8a3da2490>>.","created_on":"2010-01-30T23:26:43.366578+00:00","user":{"display_name":"Tom Denley","account_id":"5b96769f63c47c2c7d3e5d74"},"updated_on":"2010-01-30T23:33:27.445995+00:00","issue":19,"id":114986},{"content":null,"created_on":"2009-10-01T21:24:20.611898+00:00","user":{"display_name":"Tom Denley","account_id":"5b96769f63c47c2c7d3e5d74"},"updated_on":null,"issue":21,"id":60690},{"content":null,"created_on":"2010-02-28T14:12:05.655899+00:00","user":{"display_name":"Tom Denley","account_id":"5b96769f63c47c2c7d3e5d74"},"updated_on":null,"issue":21,"id":131630},{"content":"Added tag bar above document list in the application. Fixes #22\n\n→ <<cset 7ff4fb1e66f9>>","created_on":"2010-02-07T13:35:23.873302+00:00","user":{"display_name":"jenny99r","account_id":null},"updated_on":null,"issue":22,"id":119299},{"content":"<<changeset 23973809bb51>>\r\n\r\n<<changeset 0d99274438c0>>\r\n\r\n<<changeset 1cbc6093e2dd>>\r\n\r\n<<changeset f5e891c26a13>>\r\n\r\n<<changeset 2785ecb779a0>>\r\n\r\n<<changeset ff65f7560d96>>","created_on":"2009-09-10T07:06:48.020529+00:00","user":{"display_name":"Tom Denley","account_id":"5b96769f63c47c2c7d3e5d74"},"updated_on":null,"issue":16,"id":52090},{"content":null,"created_on":"2010-02-10T13:08:26.063967+00:00","user":{"display_name":"Tom Denley","account_id":"5b96769f63c47c2c7d3e5d74"},"updated_on":null,"issue":25,"id":121203},{"content":null,"created_on":"2009-08-30T19:16:43.521466+00:00","user":{"display_name":"Tom Denley","account_id":"5b96769f63c47c2c7d3e5d74"},"updated_on":null,"issue":2,"id":46869},{"content":null,"created_on":"2009-08-30T19:16:51.615845+00:00","user":{"display_name":"Tom Denley","account_id":"5b96769f63c47c2c7d3e5d74"},"updated_on":null,"issue":3,"id":46870},{"content":null,"created_on":"2009-08-30T19:17:01.421623+00:00","user":{"display_name":"Tom Denley","account_id":"5b96769f63c47c2c7d3e5d74"},"updated_on":null,"issue":5,"id":46872},{"content":null,"created_on":"2009-08-30T19:16:56.915111+00:00","user":{"display_name":"Tom Denley","account_id":"5b96769f63c47c2c7d3e5d74"},"updated_on":null,"issue":4,"id":46871},{"content":null,"created_on":"2009-08-30T19:16:38.591953+00:00","user":{"display_name":"Tom Denley","account_id":"5b96769f63c47c2c7d3e5d74"},"updated_on":null,"issue":6,"id":46868},{"content":null,"created_on":"2009-08-30T19:17:24.734125+00:00","user":{"display_name":"Tom Denley","account_id":"5b96769f63c47c2c7d3e5d74"},"updated_on":null,"issue":6,"id":46873},{"content":null,"created_on":"2009-08-30T22:08:15.440956+00:00","user":{"display_name":"Tom Denley","account_id":"5b96769f63c47c2c7d3e5d74"},"updated_on":null,"issue":6,"id":46918},{"content":"Add fetchAll to tag repository (refs #6).\n\n→ <<cset f0cbb9738322>>","created_on":"2009-08-31T09:34:47.332868+00:00","user":{"display_name":"Tom Denley","account_id":"5b96769f63c47c2c7d3e5d74"},"updated_on":null,"issue":6,"id":47029},{"content":"Added toString to tag (refs #6)\n\n→ <<cset b6180ee48890>>","created_on":"2009-08-31T09:34:50.589818+00:00","user":{"display_name":"Tom Denley","account_id":"5b96769f63c47c2c7d3e5d74"},"updated_on":null,"issue":6,"id":47030},{"content":"Display tags on LHS (refs #6)\n\n→ <<cset d6a48f70e21b>>","created_on":"2009-08-31T09:34:51.770683+00:00","user":{"display_name":"Tom Denley","account_id":"5b96769f63c47c2c7d3e5d74"},"updated_on":null,"issue":6,"id":47031},{"content":"Add fetchByTagId method to DocumentRepository (refs #6)\n\n→ <<cset e2e66ce8c2de>>","created_on":"2009-08-31T09:34:53.069683+00:00","user":{"display_name":"Tom Denley","account_id":"5b96769f63c47c2c7d3e5d74"},"updated_on":null,"issue":6,"id":47032},{"content":"Rework the desktop to display documents by tag (fixes #6)\n\n→ <<cset 2970877049f4>>","created_on":"2009-08-31T09:34:54.294381+00:00","user":{"display_name":"Tom Denley","account_id":"5b96769f63c47c2c7d3e5d74"},"updated_on":null,"issue":6,"id":47033},{"content":"<<changeset 2dd5ade74c81>>","created_on":"2009-08-30T19:23:26.056411+00:00","user":{"display_name":"Tom Denley","account_id":"5b96769f63c47c2c7d3e5d74"},"updated_on":null,"issue":7,"id":46875},{"content":"hg -tag release 0.1","created_on":"2009-08-30T22:38:50.036585+00:00","user":{"display_name":"Tom Denley","account_id":"5b96769f63c47c2c7d3e5d74"},"updated_on":null,"issue":8,"id":46921},{"content":"<<changeset feacb9d7bfe9>>","created_on":"2009-08-30T22:43:57.018301+00:00","user":{"display_name":"Tom Denley","account_id":"5b96769f63c47c2c7d3e5d74"},"updated_on":null,"issue":8,"id":46922},{"content":null,"created_on":"2010-02-28T14:13:43.946509+00:00","user":{"display_name":"Tom Denley","account_id":"5b96769f63c47c2c7d3e5d74"},"updated_on":null,"issue":40,"id":131634},{"content":null,"created_on":"2010-02-28T14:13:56.877502+00:00","user":{"display_name":"Tom Denley","account_id":"5b96769f63c47c2c7d3e5d74"},"updated_on":null,"issue":40,"id":131635},{"content":"New test class for testing changing home directory. Test is designed to fail until refs #40 is fixed.\n\nTests are designed to highlight issues in ref #40\n\n→ <<cset 3d442239b4c7>>","created_on":"2010-02-28T22:57:06.157764+00:00","user":{"display_name":"jenny99r","account_id":null},"updated_on":null,"issue":40,"id":131868},{"content":"New test class for testing changing home directory. Test is designed to fail until refs #40 is fixed.\n\nTests are designed to highlight issues in ref #40\n\n→ <<cset 3d442239b4c7>>","created_on":"2010-02-28T22:57:06.423793+00:00","user":{"display_name":"jenny99r","account_id":null},"updated_on":null,"issue":40,"id":131869},{"content":"Ignored the tests relating to ref #40 as this has not yet been fixed.\n\n→ <<cset 38b377ad8027>>","created_on":"2010-03-24T19:17:40.818394+00:00","user":{"display_name":"jenny99r","account_id":null},"updated_on":null,"issue":40,"id":144151},{"content":null,"created_on":"2010-02-28T11:05:34.608140+00:00","user":{"display_name":"jenny99r","account_id":null},"updated_on":null,"issue":43,"id":131555},{"content":null,"created_on":"2010-02-28T11:05:42.877446+00:00","user":{"display_name":"jenny99r","account_id":null},"updated_on":null,"issue":43,"id":131556},{"content":null,"created_on":"2010-01-31T13:15:02.077503+00:00","user":{"display_name":"Tom Denley","account_id":"5b96769f63c47c2c7d3e5d74"},"updated_on":null,"issue":29,"id":115138},{"content":"Add new JUnit jars refs #30\n\n→ <<cset ea4dda1d848b>>","created_on":"2010-01-31T17:51:43.557572+00:00","user":{"display_name":"Tom Denley","account_id":"5b96769f63c47c2c7d3e5d74"},"updated_on":null,"issue":30,"id":115234},{"content":"Include new jars and sourcepaths - fixes #30\n\n→ <<cset 31420b52dd80>>","created_on":"2010-01-31T17:51:43.792059+00:00","user":{"display_name":"Tom Denley","account_id":"5b96769f63c47c2c7d3e5d74"},"updated_on":null,"issue":30,"id":115235},{"content":"Remove old junit jars - refs #30\n\n→ <<cset 2f7dc8775af5>>","created_on":"2010-01-31T17:54:00.087405+00:00","user":{"display_name":"Tom Denley","account_id":"5b96769f63c47c2c7d3e5d74"},"updated_on":null,"issue":30,"id":115241},{"content":null,"created_on":"2010-02-10T13:24:30.105016+00:00","user":{"display_name":"Tom Denley","account_id":"5b96769f63c47c2c7d3e5d74"},"updated_on":null,"issue":30,"id":121216},{"content":null,"created_on":"2010-02-13T10:12:13.293140+00:00","user":{"display_name":"jenny99r","account_id":null},"updated_on":null,"issue":35,"id":122806},{"content":null,"created_on":"2010-02-27T15:16:31.534130+00:00","user":{"display_name":"jenny99r","account_id":null},"updated_on":null,"issue":35,"id":131234},{"content":"Check with the user that they want to remove the document before removing it fixes #35\n\n→ <<cset 00c4738a5bf9>>","created_on":"2010-02-28T10:25:28.280219+00:00","user":{"display_name":"jenny99r","account_id":null},"updated_on":null,"issue":35,"id":131541},{"content":null,"created_on":"2010-02-28T14:16:36.447179+00:00","user":{"display_name":"Tom Denley","account_id":"5b96769f63c47c2c7d3e5d74"},"updated_on":null,"issue":35,"id":131639},{"content":"<<changeset 9eee35dea482>>","created_on":"2010-07-25T10:48:40.350513+00:00","user":{"display_name":"Tom Denley","account_id":"5b96769f63c47c2c7d3e5d74"},"updated_on":null,"issue":34,"id":221092},{"content":null,"created_on":"2009-10-01T21:24:24.963028+00:00","user":{"display_name":"Tom Denley","account_id":"5b96769f63c47c2c7d3e5d74"},"updated_on":null,"issue":20,"id":60691},{"content":"Added documentCount to Tag and Tag Test ref #20\n\n→ <<cset 2b6642b17e46>>","created_on":"2010-01-30T18:31:08.802802+00:00","user":{"display_name":"Tom Denley","account_id":"5b96769f63c47c2c7d3e5d74"},"updated_on":null,"issue":20,"id":114878},{"content":"Changed to string method to return \"\" rather than null if title isn't set\nref #20\n\n→ <<cset 700279205739>>","created_on":"2010-01-30T18:31:09.030613+00:00","user":{"display_name":"Tom Denley","account_id":"5b96769f63c47c2c7d3e5d74"},"updated_on":null,"issue":20,"id":114879},{"content":"Added TagLisEntry and Test. ref #20\n\n→ <<cset 06403fd6aeb7>>","created_on":"2010-01-30T18:31:09.257242+00:00","user":{"display_name":"Tom Denley","account_id":"5b96769f63c47c2c7d3e5d74"},"updated_on":null,"issue":20,"id":114880},{"content":"Added document count to tag display except for all tag ref #20\n\n→ <<cset 726c1d2639c5>>","created_on":"2010-01-30T18:31:09.485305+00:00","user":{"display_name":"Tom Denley","account_id":"5b96769f63c47c2c7d3e5d74"},"updated_on":null,"issue":20,"id":114881},{"content":"Added getCount to document repository to set the number of documents in the all tag. Fixes #20\n\n→ <<cset 5948adb6f19b>>","created_on":"2010-01-30T18:31:09.738550+00:00","user":{"display_name":"Tom Denley","account_id":"5b96769f63c47c2c7d3e5d74"},"updated_on":null,"issue":20,"id":114882},{"content":null,"created_on":"2009-10-01T21:24:17.397528+00:00","user":{"display_name":"Tom Denley","account_id":"5b96769f63c47c2c7d3e5d74"},"updated_on":null,"issue":14,"id":60689},{"content":"Added findUnlinkedTagsByDocumentId ref #14\n\n→ <<cset 81482021c707>>","created_on":"2010-02-04T23:44:24.189073+00:00","user":{"display_name":"jenny99r","account_id":null},"updated_on":null,"issue":14,"id":118044},{"content":"revised tag combo box functionality refs #14\n\n→ <<cset f5ec8e4a76e3>>","created_on":"2010-02-04T23:44:24.465766+00:00","user":{"display_name":"jenny99r","account_id":null},"updated_on":null,"issue":14,"id":118045},{"content":null,"created_on":"2010-02-28T14:11:24.259502+00:00","user":{"display_name":"Tom Denley","account_id":"5b96769f63c47c2c7d3e5d74"},"updated_on":null,"issue":14,"id":131629},{"content":null,"created_on":"2009-08-31T11:38:04.341137+00:00","user":{"display_name":"Tom Denley","account_id":"5b96769f63c47c2c7d3e5d74"},"updated_on":null,"issue":10,"id":47052},{"content":"get the swingclient build to update the Application properties file with the version number (fixes #10).\n\n→ <<cset 3343726d58fb>>","created_on":"2009-08-31T11:53:36.470749+00:00","user":{"display_name":"Tom Denley","account_id":"5b96769f63c47c2c7d3e5d74"},"updated_on":null,"issue":10,"id":47060},{"content":"Correct connector on browse bar - fixes #26\n\n→ <<cset bf954e257479>>","created_on":"2009-09-12T08:37:29.059340+00:00","user":{"display_name":"Tom Denley","account_id":"5b96769f63c47c2c7d3e5d74"},"updated_on":null,"issue":26,"id":52836},{"content":"Improve visual separation of tags list and documents list. Fixes #12.\n\n→ <<cset 1aeea84033b1>>","created_on":"2009-09-05T09:00:47.413372+00:00","user":{"display_name":"Tom Denley","account_id":"5b96769f63c47c2c7d3e5d74"},"updated_on":null,"issue":12,"id":50309},{"content":"Add (albeit rubbish) icon for the application - fixes #15.\n\n→ <<cset 391816351fd6>>","created_on":"2009-09-05T10:32:17.970310+00:00","user":{"display_name":"Tom Denley","account_id":"5b96769f63c47c2c7d3e5d74"},"updated_on":null,"issue":15,"id":50329},{"content":null,"created_on":"2009-09-02T17:58:13.976012+00:00","user":{"display_name":"Tom Denley","account_id":"5b96769f63c47c2c7d3e5d74"},"updated_on":null,"issue":23,"id":48074},{"content":"If we output as a single archive file, we could choose an archive format that permits duplicate file names.","created_on":"2010-02-01T22:44:51.400868+00:00","user":{"display_name":"Tom Denley","account_id":"5b96769f63c47c2c7d3e5d74"},"updated_on":null,"issue":23,"id":115967},{"content":"Could give the option to export with titles, rather than original filenames.","created_on":"2010-02-01T22:45:18.392423+00:00","user":{"display_name":"Tom Denley","account_id":"5b96769f63c47c2c7d3e5d74"},"updated_on":null,"issue":23,"id":115968},{"content":null,"created_on":"2010-02-04T23:39:59.485800+00:00","user":{"display_name":"jenny99r","account_id":null},"updated_on":null,"issue":23,"id":118043},{"content":null,"created_on":"2010-02-28T14:09:22.515358+00:00","user":{"display_name":"Tom Denley","account_id":"5b96769f63c47c2c7d3e5d74"},"updated_on":null,"issue":23,"id":131625},{"content":"<<changeset 75c389203a9c>>","created_on":"2009-08-07T21:43:46.905203+00:00","user":{"display_name":"Tom Denley","account_id":"5b96769f63c47c2c7d3e5d74"},"updated_on":null,"issue":1,"id":37572},{"content":null,"created_on":"2009-08-21T22:45:06.563347+00:00","user":{"display_name":"Tom Denley","account_id":"5b96769f63c47c2c7d3e5d74"},"updated_on":null,"issue":1,"id":43367},{"content":"Renaming of IDocumentRepository methods and addition of remove File button refs #24\n\n→ <<cset 171fd9e2fad7>>","created_on":"2010-02-06T21:26:18.529601+00:00","user":{"display_name":"jenny99r","account_id":null},"updated_on":null,"issue":24,"id":119023},{"content":null,"created_on":"2010-02-10T22:38:12.233043+00:00","user":{"display_name":"jenny99r","account_id":null},"updated_on":null,"issue":24,"id":121477},{"content":"Initial version of version manager ref #27\n\n→ <<cset 6176f4d49a37>>","created_on":"2010-02-21T23:44:20.216377+00:00","user":{"display_name":"jenny99r","account_id":null},"updated_on":null,"issue":27,"id":127741},{"content":null,"created_on":"2010-02-28T14:09:59.894534+00:00","user":{"display_name":"Tom Denley","account_id":"5b96769f63c47c2c7d3e5d74"},"updated_on":null,"issue":27,"id":131626},{"content":null,"created_on":"2010-02-28T14:10:07.541430+00:00","user":{"display_name":"Tom Denley","account_id":"5b96769f63c47c2c7d3e5d74"},"updated_on":null,"issue":27,"id":131627},{"content":null,"created_on":"2010-08-22T21:53:35.636641+00:00","user":{"display_name":"Tom Denley","account_id":"5b96769f63c47c2c7d3e5d74"},"updated_on":null,"issue":27,"id":232991}],"meta":{"default_milestone":"release 0.4","default_assignee":null,"default_kind":"enhancement","default_component":"all","default_version":null},"components":[{"name":"all"},{"name":"core"},{"name":"rcp"},{"name":"swingclient"}],"issues":[{"status":"new","priority":"major","kind":"enhancement","content_updated_on":null,"voters":[],"title":"Resolve IoC issues in swing desktop","reporter":{"display_name":"Tom Denley","account_id":"5b96769f63c47c2c7d3e5d74"},"component":"swingclient","watchers":[{"display_name":"Tom Denley","account_id":"5b96769f63c47c2c7d3e5d74"}],"content":"see TODO in main application class","assignee":{"display_name":"Tom Denley","account_id":"5b96769f63c47c2c7d3e5d74"},"created_on":"2009-08-31T11:32:57.832500+00:00","version":null,"edited_on":null,"milestone":"release 0.4","updated_on":"2010-02-28T14:12:10.043623+00:00","id":9},{"status":"resolved","priority":"major","kind":"enhancement","content_updated_on":null,"voters":[],"title":"Sort out the Acceptance Testing","reporter":{"display_name":"Tom Denley","account_id":"5b96769f63c47c2c7d3e5d74"},"component":"all","watchers":[{"display_name":"Tom Denley","account_id":"5b96769f63c47c2c7d3e5d74"}],"content":"","assignee":{"display_name":"Tom Denley","account_id":"5b96769f63c47c2c7d3e5d74"},"created_on":"2009-10-02T07:23:15.686802+00:00","version":null,"edited_on":null,"milestone":"release 0.3","updated_on":"2010-08-22T21:54:05.396284+00:00","id":28},{"status":"resolved","priority":"major","kind":"enhancement","content_updated_on":null,"voters":[],"title":"Refresh properly when adding\/removing tags","reporter":{"display_name":"Tom Denley","account_id":"5b96769f63c47c2c7d3e5d74"},"component":"all","watchers":[{"display_name":"Tom Denley","account_id":"5b96769f63c47c2c7d3e5d74"}],"content":"Refresh the tags bar at the top of the document properties window when a tag is added or removed.","assignee":{"display_name":"Tom Denley","account_id":"5b96769f63c47c2c7d3e5d74"},"created_on":"2009-08-31T17:31:25.610068+00:00","version":null,"edited_on":null,"milestone":"release 0.2","updated_on":"2009-09-03T07:07:44.649686+00:00","id":13},{"status":"new","priority":"major","kind":"enhancement","content_updated_on":null,"voters":[],"title":"Add recieved Address as a document property.","reporter":{"display_name":"Tom Denley","account_id":"5b96769f63c47c2c7d3e5d74"},"component":"all","watchers":[{"display_name":"Tom Denley","account_id":"5b96769f63c47c2c7d3e5d74"}],"content":"","assignee":{"display_name":"Tom Denley","account_id":"5b96769f63c47c2c7d3e5d74"},"created_on":"2009-08-31T17:36:56.359684+00:00","version":null,"edited_on":null,"milestone":"release 0.4","updated_on":"2010-02-28T14:12:13.941815+00:00","id":17},{"status":"resolved","priority":"major","kind":"enhancement","content_updated_on":null,"voters":[],"title":"Display document content if it is an image","reporter":{"display_name":"Tom Denley","account_id":"5b96769f63c47c2c7d3e5d74"},"component":"swingclient","watchers":[{"display_name":"Tom Denley","account_id":"5b96769f63c47c2c7d3e5d74"}],"content":"When the contained document is an image (jpg, png, tiff etc.) display that image within the application.","assignee":{"display_name":"Tom Denley","account_id":"5b96769f63c47c2c7d3e5d74"},"created_on":"2009-08-31T17:28:54.898596+00:00","version":null,"edited_on":null,"milestone":"release 0.2","updated_on":"2009-08-31T17:37:21.848358+00:00","id":11},{"status":"resolved","priority":"major","kind":"enhancement","content_updated_on":null,"voters":[],"title":"Drag-and-drop document addition","reporter":{"display_name":"Tom Denley","account_id":"5b96769f63c47c2c7d3e5d74"},"component":"swingclient","watchers":[{"display_name":"Tom Denley","account_id":"5b96769f63c47c2c7d3e5d74"}],"content":"","assignee":{"display_name":"Tom Denley","account_id":"5b96769f63c47c2c7d3e5d74"},"created_on":"2009-09-01T12:24:19.610944+00:00","version":null,"edited_on":null,"milestone":"release 0.3","updated_on":"2010-02-10T22:37:21.873466+00:00","id":18},{"status":"resolved","priority":"major","kind":"enhancement","content_updated_on":null,"voters":[],"title":"Order tags alphabetically, not by popularity","reporter":{"display_name":"Tom Denley","account_id":"5b96769f63c47c2c7d3e5d74"},"component":"all","watchers":[{"display_name":"Tom Denley","account_id":"5b96769f63c47c2c7d3e5d74"}],"content":"","assignee":{"display_name":"Tom Denley","account_id":"5b96769f63c47c2c7d3e5d74"},"created_on":"2009-09-01T12:27:50.591493+00:00","version":null,"edited_on":null,"milestone":"release 0.3","updated_on":"2010-01-30T23:26:43.372967+00:00","id":19},{"status":"new","priority":"major","kind":"enhancement","content_updated_on":null,"voters":[],"title":"Change the documents list to be a table.","reporter":{"display_name":"Tom Denley","account_id":"5b96769f63c47c2c7d3e5d74"},"component":"swingclient","watchers":[{"display_name":"Tom Denley","account_id":"5b96769f63c47c2c7d3e5d74"}],"content":"","assignee":{"display_name":"Tom Denley","account_id":"5b96769f63c47c2c7d3e5d74"},"created_on":"2009-09-01T12:30:29.882902+00:00","version":null,"edited_on":null,"milestone":"release 0.4","updated_on":"2010-02-28T14:12:05.608723+00:00","id":21},{"status":"resolved","priority":"major","kind":"enhancement","content_updated_on":null,"voters":[],"title":"Include the add\/remove tags bar above the documents list on the main screen","reporter":{"display_name":"Tom Denley","account_id":"5b96769f63c47c2c7d3e5d74"},"component":"swingclient","watchers":[{"display_name":"Tom Denley","account_id":"5b96769f63c47c2c7d3e5d74"}],"content":"","assignee":{"display_name":"Tom Denley","account_id":"5b96769f63c47c2c7d3e5d74"},"created_on":"2009-09-01T12:30:55.026230+00:00","version":null,"edited_on":null,"milestone":"release 0.3","updated_on":"2010-02-07T13:35:23.880958+00:00","id":22},{"status":"resolved","priority":"major","kind":"enhancement","content_updated_on":null,"voters":[],"title":"Improve the interface for indexing documents","reporter":{"display_name":"Tom Denley","account_id":"5b96769f63c47c2c7d3e5d74"},"component":"swingclient","watchers":[{"display_name":"Tom Denley","account_id":"5b96769f63c47c2c7d3e5d74"}],"content":"Tart up the interface for adding new documents, perhaps by creating a customisation of the Java file browser.","assignee":{"display_name":"Tom Denley","account_id":"5b96769f63c47c2c7d3e5d74"},"created_on":"2009-08-31T17:36:25.262309+00:00","version":null,"edited_on":null,"milestone":"release 0.2","updated_on":"2009-09-10T07:06:48.025279+00:00","id":16},{"status":"new","priority":"major","kind":"enhancement","content_updated_on":null,"voters":[],"title":"Report file size","reporter":{"display_name":"Tom Denley","account_id":"5b96769f63c47c2c7d3e5d74"},"component":"all","watchers":[{"display_name":"Tom Denley","account_id":"5b96769f63c47c2c7d3e5d74"}],"content":"","assignee":{"display_name":"Tom Denley","account_id":"5b96769f63c47c2c7d3e5d74"},"created_on":"2009-09-10T22:35:34.484118+00:00","version":null,"edited_on":null,"milestone":"release 0.4","updated_on":"2010-02-10T13:08:26.036559+00:00","id":25},{"status":"resolved","priority":"major","kind":"enhancement","content_updated_on":null,"voters":[],"title":"Add a document to the DMS","reporter":{"display_name":"Tom Denley","account_id":"5b96769f63c47c2c7d3e5d74"},"component":"all","watchers":[{"display_name":"Tom Denley","account_id":"5b96769f63c47c2c7d3e5d74"}],"content":"","assignee":{"display_name":"Tom Denley","account_id":"5b96769f63c47c2c7d3e5d74"},"created_on":"2009-08-30T19:11:41.896701+00:00","version":null,"edited_on":null,"milestone":"release 0.1","updated_on":"2009-08-30T19:16:42.361342+00:00","id":2},{"status":"resolved","priority":"major","kind":"enhancement","content_updated_on":null,"voters":[],"title":"Edit properties of an indexed document (e.g. title)","reporter":{"display_name":"Tom Denley","account_id":"5b96769f63c47c2c7d3e5d74"},"component":"all","watchers":[{"display_name":"Tom Denley","account_id":"5b96769f63c47c2c7d3e5d74"}],"content":"","assignee":{"display_name":"Tom Denley","account_id":"5b96769f63c47c2c7d3e5d74"},"created_on":"2009-08-30T19:12:14.445569+00:00","version":null,"edited_on":null,"milestone":"release 0.1","updated_on":"2009-08-30T19:16:50.494431+00:00","id":3},{"status":"resolved","priority":"major","kind":"enhancement","content_updated_on":null,"voters":[],"title":"Allow Tags to be applied to documents","reporter":{"display_name":"Tom Denley","account_id":"5b96769f63c47c2c7d3e5d74"},"component":"all","watchers":[{"display_name":"Tom Denley","account_id":"5b96769f63c47c2c7d3e5d74"}],"content":"","assignee":{"display_name":"Tom Denley","account_id":"5b96769f63c47c2c7d3e5d74"},"created_on":"2009-08-30T19:13:16.783672+00:00","version":null,"edited_on":null,"milestone":"release 0.1","updated_on":"2009-08-30T19:17:00.301474+00:00","id":5},{"status":"resolved","priority":"major","kind":"enhancement","content_updated_on":null,"voters":[],"title":"Retrieve an indexed document from the DMS","reporter":{"display_name":"Tom Denley","account_id":"5b96769f63c47c2c7d3e5d74"},"component":"all","watchers":[{"display_name":"Tom Denley","account_id":"5b96769f63c47c2c7d3e5d74"}],"content":"","assignee":{"display_name":"Tom Denley","account_id":"5b96769f63c47c2c7d3e5d74"},"created_on":"2009-08-30T19:12:44.104256+00:00","version":null,"edited_on":null,"milestone":"release 0.1","updated_on":"2009-08-30T19:16:55.828467+00:00","id":4},{"status":"resolved","priority":"major","kind":"enhancement","content_updated_on":null,"voters":[],"title":"List documents by tag","reporter":{"display_name":"Tom Denley","account_id":"5b96769f63c47c2c7d3e5d74"},"component":"all","watchers":[{"display_name":"Tom Denley","account_id":"5b96769f63c47c2c7d3e5d74"}],"content":"","assignee":{"display_name":"Tom Denley","account_id":"5b96769f63c47c2c7d3e5d74"},"created_on":"2009-08-30T19:14:18.764118+00:00","version":null,"edited_on":null,"milestone":"release 0.2","updated_on":"2009-08-30T22:08:14.299235+00:00","id":6},{"status":"resolved","priority":"major","kind":"enhancement","content_updated_on":null,"voters":[],"title":"Build scripts and packaging","reporter":{"display_name":"Tom Denley","account_id":"5b96769f63c47c2c7d3e5d74"},"component":"all","watchers":[{"display_name":"Tom Denley","account_id":"5b96769f63c47c2c7d3e5d74"}],"content":"Sort out some ant scripts to build and package a release.","assignee":{"display_name":"Tom Denley","account_id":"5b96769f63c47c2c7d3e5d74"},"created_on":"2009-08-30T19:22:25.293497+00:00","version":null,"edited_on":null,"milestone":"release 0.1","updated_on":"2009-08-30T19:23:26.060844+00:00","id":7},{"status":"resolved","priority":"major","kind":"enhancement","content_updated_on":null,"voters":[],"title":"Establish repository layout, release branch etc.","reporter":{"display_name":"Tom Denley","account_id":"5b96769f63c47c2c7d3e5d74"},"component":"all","watchers":[{"display_name":"Tom Denley","account_id":"5b96769f63c47c2c7d3e5d74"}],"content":"Work out how to tag a release appropriately in mercurial, and how to stick a release jar into the downloads section.","assignee":{"display_name":"Tom Denley","account_id":"5b96769f63c47c2c7d3e5d74"},"created_on":"2009-08-30T19:24:44.464909+00:00","version":null,"edited_on":null,"milestone":"release 0.1","updated_on":"2009-08-30T22:43:57.022632+00:00","id":8},{"status":"new","priority":"major","kind":"proposal","content_updated_on":null,"voters":[],"title":"Allow user to give particular instance of docnap a name","reporter":{"display_name":"jenny99r","account_id":null},"component":"all","watchers":[{"display_name":"jenny99r","account_id":null},{"display_name":"Tom Denley","account_id":"5b96769f63c47c2c7d3e5d74"}],"content":"Would it be useful to the user to be able to name each instance of docnap?\r\n\r\nThen the title bar could include the name e.g. Banking Documents rather than just the path name of the home directory.","assignee":{"display_name":"Tom Denley","account_id":"5b96769f63c47c2c7d3e5d74"},"created_on":"2010-02-28T10:37:48.271576+00:00","version":null,"edited_on":null,"milestone":"release 0.4","updated_on":"2010-02-28T10:37:48.271587+00:00","id":38},{"status":"new","priority":"major","kind":"proposal","content_updated_on":null,"voters":[],"title":"Give the user an easy way to switch between different instances of docnap","reporter":{"display_name":"jenny99r","account_id":null},"component":"all","watchers":[{"display_name":"jenny99r","account_id":null},{"display_name":"Tom Denley","account_id":"5b96769f63c47c2c7d3e5d74"}],"content":"If the user has several \"home directories\" for different uses, e.g. Banking, Work etc would it be useful to record these and then have an option on the menu to change between them?","assignee":{"display_name":"Tom Denley","account_id":"5b96769f63c47c2c7d3e5d74"},"created_on":"2010-02-28T10:39:09.169384+00:00","version":null,"edited_on":null,"milestone":"release 0.4","updated_on":"2010-02-28T10:39:09.169396+00:00","id":39},{"status":"open","priority":"major","kind":"bug","content_updated_on":null,"voters":[],"title":"When change home directory docnap window is not refresh","reporter":{"display_name":"jenny99r","account_id":null},"component":"all","watchers":[{"display_name":"jenny99r","account_id":null},{"display_name":"Tom Denley","account_id":"5b96769f63c47c2c7d3e5d74"}],"content":"If choose different home directory then the window is not refresh and it still shows the old tags\/documents.\r\n\r\nAlso possible issue around connection?","assignee":{"display_name":"Tom Denley","account_id":"5b96769f63c47c2c7d3e5d74"},"created_on":"2010-02-28T10:40:18.555874+00:00","version":"0.2","edited_on":null,"milestone":"release 0.3","updated_on":"2010-03-24T19:17:40.840033+00:00","id":40},{"status":"new","priority":"major","kind":"proposal","content_updated_on":null,"voters":[],"title":"Should we restrict the length of a tag name or handle it better","reporter":{"display_name":"jenny99r","account_id":null},"component":"all","watchers":[{"display_name":"jenny99r","account_id":null}],"content":"Possibly we could convert a long tag name to Longtagname... (5) and then give the full name if they hover over it?","assignee":null,"created_on":"2010-02-28T10:47:53.047730+00:00","version":null,"edited_on":null,"milestone":null,"updated_on":"2010-02-28T10:47:53.047741+00:00","id":41},{"status":"new","priority":"major","kind":"enhancement","content_updated_on":null,"voters":[],"title":"Can't create a new folder when selecting the home directory","reporter":{"display_name":"jenny99r","account_id":null},"component":"all","watchers":[{"display_name":"jenny99r","account_id":null}],"content":"When the file chooser for selecting a home directory is opened it doesn't let you create a new folder.\r\n\r\nI guess a user might want to create a new directory for a new home directory.","assignee":null,"created_on":"2010-02-28T11:01:31.847681+00:00","version":null,"edited_on":null,"milestone":null,"updated_on":"2010-02-28T11:01:31.847698+00:00","id":42},{"status":"new","priority":"major","kind":"proposal","content_updated_on":null,"voters":[],"title":"Wording of \"Select Home Directory\"","reporter":{"display_name":"jenny99r","account_id":null},"component":"all","watchers":[{"display_name":"jenny99r","account_id":null}],"content":"Would project be a better word?\n\nIf a user has two docnap \"projects\" then they are really wanting to select the \"project\" or to create a new one. Home directory is more of a coding concept than a user concept?","assignee":null,"created_on":"2010-02-28T11:04:40.529360+00:00","version":null,"edited_on":"2010-02-28T11:05:42.845396+00:00","milestone":null,"updated_on":"2010-02-28T11:04:40.529373+00:00","id":43},{"status":"new","priority":"major","kind":"proposal","content_updated_on":null,"voters":[],"title":"What should happen if the user renames their home directory","reporter":{"display_name":"jenny99r","account_id":null},"component":"all","watchers":[{"display_name":"jenny99r","account_id":null}],"content":"At the moment if a user renames their home directory before starting docnap then docnap opens with that directory and works as if it is an empty project.\r\n\r\nShould it tell the user that the directory doesn't exist?","assignee":null,"created_on":"2010-02-28T11:10:29.452679+00:00","version":null,"edited_on":null,"milestone":null,"updated_on":"2010-02-28T11:10:29.452689+00:00","id":44},{"status":"new","priority":"major","kind":"enhancement","content_updated_on":null,"voters":[],"title":"Do we want to introduce hierarchial tags?","reporter":{"display_name":"jenny99r","account_id":null},"component":"all","watchers":[{"display_name":"jenny99r","account_id":null}],"content":"Mrs Rubicon uses Docnap to index all her banking statements as well as her knitting tips. Mrs Rubicon is an avid watcher of the best buys page and is always opening up new bank accounts. As a result she has accounts with many different banks and many accounts with each bank.\r\n\r\nWhen she adds a statment she wants to tag it under the account name. However, she would also like to tag it under banking and under the bank name but finds it frustrating that it doesn't do this automatically.\r\n\r\nShe would like to have the hierarchy Banking -> Bank -> Account Name and for the document to inherit the higher tags automatically. She would also like to see the tags as a \"docment\" strcuture in the tag bar.","assignee":null,"created_on":"2010-02-28T13:08:49.275658+00:00","version":null,"edited_on":null,"milestone":null,"updated_on":"2010-02-28T13:08:49.275668+00:00","id":45},{"status":"new","priority":"major","kind":"proposal","content_updated_on":null,"voters":[],"title":"Should the documents be ordered alphabetically?","reporter":{"display_name":"jenny99r","account_id":null},"component":"all","watchers":[{"display_name":"jenny99r","account_id":null}],"content":"","assignee":null,"created_on":"2010-02-28T13:19:05.671835+00:00","version":null,"edited_on":null,"milestone":null,"updated_on":"2010-02-28T13:19:05.671847+00:00","id":46},{"status":"new","priority":"major","kind":"enhancement","content_updated_on":null,"voters":[],"title":"Add a tag to multiple documents at the same time","reporter":{"display_name":"jenny99r","account_id":null},"component":"all","watchers":[{"display_name":"jenny99r","account_id":null}],"content":"Mr Rapee uses DocNap to manage his train spotting documents. \r\nHe his documents against both Train Type and features e.g. shiny wheels.\r\n\r\nDuring a recent train spotting convention Mr Rapee discovered that a number of the trains in the GH1 series all have blue wheel arches and he would like to add the Blue Wheel Arch tag to all of relevant documents.\r\n\r\nAs Mr Rapee is an avid train spotter he has a large number of documents about the GH1 series with Blue Wheel Arches and is finding it time consuming to tag each one seperatly.","assignee":null,"created_on":"2010-02-28T13:27:44.672717+00:00","version":null,"edited_on":null,"milestone":null,"updated_on":"2010-02-28T13:27:44.672737+00:00","id":47},{"status":"new","priority":"major","kind":"enhancement","content_updated_on":null,"voters":[],"title":"Create ability to add a tag without attaching to a document","reporter":{"display_name":"jenny99r","account_id":null},"component":"all","watchers":[{"display_name":"jenny99r","account_id":null}],"content":"Mr Lewis uses DocNap to manage his bank statements and bills. He has decided that he would like to add a new tag called ToBePaid so that he can index bills that have not been paid and find them later.\r\n\r\nAt the moment Mr Lewis does not have any outstanding bills so has no documents to index against ToBePaid. However, he would still like to set up the tag.","assignee":null,"created_on":"2010-02-28T13:31:44.507559+00:00","version":null,"edited_on":null,"milestone":null,"updated_on":"2010-02-28T13:31:44.507570+00:00","id":48},{"status":"new","priority":"major","kind":"proposal","content_updated_on":null,"voters":[],"title":"Move from JSR296 to BSAF","reporter":{"display_name":"Tom Denley","account_id":"5b96769f63c47c2c7d3e5d74"},"component":"all","watchers":[{"display_name":"Tom Denley","account_id":"5b96769f63c47c2c7d3e5d74"}],"content":"http:\/\/java.sun.com\/developer\/technicalArticles\/javase\/swingappfr\/\n\nhttps:\/\/appframework.dev.java.net\/\n\nhttp:\/\/sourceforge.net\/projects\/bsaf\/files\/","assignee":{"display_name":"Tom Denley","account_id":"5b96769f63c47c2c7d3e5d74"},"created_on":"2010-01-31T13:14:47.265392+00:00","version":null,"edited_on":"2010-01-31T13:15:02.049280+00:00","milestone":"release 0.4","updated_on":"2010-01-31T13:14:47.265404+00:00","id":29},{"status":"resolved","priority":"major","kind":"enhancement","content_updated_on":null,"voters":[],"title":"Upgrade JUnit jar","reporter":{"display_name":"Tom Denley","account_id":"5b96769f63c47c2c7d3e5d74"},"component":"all","watchers":[{"display_name":"Tom Denley","account_id":"5b96769f63c47c2c7d3e5d74"}],"content":"Upgrade JUnit jar","assignee":{"display_name":"Tom Denley","account_id":"5b96769f63c47c2c7d3e5d74"},"created_on":"2010-01-31T13:15:40.062525+00:00","version":null,"edited_on":null,"milestone":"release 0.3","updated_on":"2010-02-10T13:24:30.049562+00:00","id":30},{"status":"new","priority":"major","kind":"enhancement","content_updated_on":null,"voters":[],"title":"review hamcrest dependency","reporter":{"display_name":"Tom Denley","account_id":"5b96769f63c47c2c7d3e5d74"},"component":"all","watchers":[{"display_name":"Tom Denley","account_id":"5b96769f63c47c2c7d3e5d74"}],"content":"Included in JUnit.","assignee":{"display_name":"Tom Denley","account_id":"5b96769f63c47c2c7d3e5d74"},"created_on":"2010-01-31T14:57:41.367138+00:00","version":null,"edited_on":null,"milestone":"release 0.4","updated_on":"2010-01-31T14:57:41.367149+00:00","id":31},{"status":"new","priority":"major","kind":"enhancement","content_updated_on":null,"voters":[],"title":"Allow for multiple-page documents","reporter":{"display_name":"Tom Denley","account_id":"5b96769f63c47c2c7d3e5d74"},"component":"all","watchers":[{"display_name":"Tom Denley","account_id":"5b96769f63c47c2c7d3e5d74"}],"content":"","assignee":{"display_name":"Tom Denley","account_id":"5b96769f63c47c2c7d3e5d74"},"created_on":"2010-01-31T17:56:04.076933+00:00","version":null,"edited_on":null,"milestone":"release 0.4","updated_on":"2010-01-31T17:56:04.076945+00:00","id":32},{"status":"new","priority":"major","kind":"enhancement","content_updated_on":null,"voters":[],"title":"Consider building a native executable","reporter":{"display_name":"Tom Denley","account_id":"5b96769f63c47c2c7d3e5d74"},"component":"all","watchers":[{"display_name":"Tom Denley","account_id":"5b96769f63c47c2c7d3e5d74"}],"content":"Possibly this?\r\n\r\nhttp:\/\/sourceforge.net\/projects\/launch4j\/","assignee":{"display_name":"Tom Denley","account_id":"5b96769f63c47c2c7d3e5d74"},"created_on":"2010-02-02T12:37:53.071406+00:00","version":null,"edited_on":null,"milestone":"release 0.4","updated_on":"2010-02-02T12:38:24.912702+00:00","id":33},{"status":"new","priority":"major","kind":"enhancement","content_updated_on":null,"voters":[],"title":"Should be using directory selector for choosing the home directory","reporter":null,"component":"all","watchers":[],"content":"At the moment we are using a file chooser to select the home directory. This is resulting in some unexpected actions from button presses.\r\n\r\nWhen using the file chooser pressing open usually opens the directory it does not \"select\" it for use.\r\n\r\nTraditionally (I belive) the directory chooser is used for choosing a directory?","assignee":null,"created_on":"2010-04-03T12:11:06.488379+00:00","version":null,"edited_on":null,"milestone":"release 0.4","updated_on":"2010-04-03T12:11:06.488389+00:00","id":49},{"status":"resolved","priority":"major","kind":"enhancement","content_updated_on":null,"voters":[],"title":"When removing a document does prompt to check the user is sure","reporter":{"display_name":"jenny99r","account_id":null},"component":"all","watchers":[{"display_name":"jenny99r","account_id":null},{"display_name":"Tom Denley","account_id":"5b96769f63c47c2c7d3e5d74"}],"content":"When removing a document doesn't prompt to check the user is sure about deleting the document","assignee":{"display_name":"Tom Denley","account_id":"5b96769f63c47c2c7d3e5d74"},"created_on":"2010-02-10T22:38:52.578606+00:00","version":null,"edited_on":"2010-02-27T15:16:31.471668+00:00","milestone":"release 0.3","updated_on":"2010-02-28T14:16:36.396964+00:00","id":35},{"status":"resolved","priority":"major","kind":"bug","content_updated_on":null,"voters":[],"title":"Canceling the selection of an initial home directory causes crash","reporter":{"display_name":"Tom Denley","account_id":"5b96769f63c47c2c7d3e5d74"},"component":"swingclient","watchers":[{"display_name":"Tom Denley","account_id":"5b96769f63c47c2c7d3e5d74"}],"content":"Launch the docnap application without prior configuration information (delete local settings first). This will present the file-chooser for selection of the initial home directory. If you cancel this dialog, the application will crash.\r\n\r\nThere is some debate over the desired function here: either exit the application without showing the main frame, or launch the application without a home directory selected. The latter would be preferable, but will require a lot of controls to be disabled - which may be some effort.\r\n\r\nThe final concern is that the current crash is proving difficult to create an end-to-end test for. I suspect this would be easier if we went for option 2.","assignee":{"display_name":"Tom Denley","account_id":"5b96769f63c47c2c7d3e5d74"},"created_on":"2010-02-10T12:53:46.478393+00:00","version":"0.2","edited_on":null,"milestone":"release 0.3","updated_on":"2010-07-25T10:48:40.365355+00:00","id":34},{"status":"new","priority":"major","kind":"enhancement","content_updated_on":null,"voters":[],"title":"Date Added on Document Window Changes format when clicked","reporter":{"display_name":"jenny99r","account_id":null},"component":"all","watchers":[{"display_name":"jenny99r","account_id":null},{"display_name":"Tom Denley","account_id":"5b96769f63c47c2c7d3e5d74"}],"content":"When the document window is launched the Date Added is in the format 30-Jan-2010. When the user clicks on the field it changes to 30\/01\/2010.","assignee":{"display_name":"Tom Denley","account_id":"5b96769f63c47c2c7d3e5d74"},"created_on":"2010-02-28T10:29:34.479379+00:00","version":null,"edited_on":null,"milestone":"release 0.4","updated_on":"2010-02-28T10:29:34.479389+00:00","id":36},{"status":"new","priority":"major","kind":"enhancement","content_updated_on":null,"voters":[],"title":"Tag Bar Resizes itself past screen and takes document panel with it","reporter":{"display_name":"jenny99r","account_id":null},"component":"all","watchers":[{"display_name":"jenny99r","account_id":null},{"display_name":"Tom Denley","account_id":"5b96769f63c47c2c7d3e5d74"}],"content":"If you launch docnap in a small window and then choose a document with a few tags. The combo box does not resize itself to be smaller and the tar bar increases its size beyond the end of the screen. Doing this also expands the size of the document panel beyond the edge of the screen.","assignee":{"display_name":"Tom Denley","account_id":"5b96769f63c47c2c7d3e5d74"},"created_on":"2010-02-28T10:34:20.313806+00:00","version":null,"edited_on":null,"milestone":"release 0.4","updated_on":"2010-02-28T10:34:20.313821+00:00","id":37},{"status":"resolved","priority":"major","kind":"enhancement","content_updated_on":null,"voters":[],"title":"Include number of documents in brackets after each tag","reporter":{"display_name":"Tom Denley","account_id":"5b96769f63c47c2c7d3e5d74"},"component":"all","watchers":[{"display_name":"Tom Denley","account_id":"5b96769f63c47c2c7d3e5d74"}],"content":"In the tag list on the main screen, include number of documents in brackets after each tag.","assignee":{"display_name":"Tom Denley","account_id":"5b96769f63c47c2c7d3e5d74"},"created_on":"2009-09-01T12:28:45.263775+00:00","version":null,"edited_on":null,"milestone":"release 0.3","updated_on":"2010-01-30T18:31:09.743683+00:00","id":20},{"status":"new","priority":"major","kind":"enhancement","content_updated_on":null,"voters":[],"title":"Error retrieving files with no file extension","reporter":{"display_name":"jenny99r","account_id":null},"component":"all","watchers":[{"display_name":"jenny99r","account_id":null},{"display_name":"Tom Denley","account_id":"5b96769f63c47c2c7d3e5d74"}],"content":"Some files like BUILDING in the docnap directory don't have an extension. When pressing retrieve document the repository tries to get the extension and causes an index out of bounds exception.\r\n\r\nThink this may also be an issue for the saving to XML.","assignee":{"display_name":"Tom Denley","account_id":"5b96769f63c47c2c7d3e5d74"},"created_on":"2010-04-03T12:18:23.702132+00:00","version":null,"edited_on":null,"milestone":"release 0.4","updated_on":"2010-04-03T12:18:23.702141+00:00","id":50},{"status":"resolved","priority":"major","kind":"enhancement","content_updated_on":null,"voters":[],"title":"Make the add-tag textfield an editable combo box.","reporter":{"display_name":"Tom Denley","account_id":"5b96769f63c47c2c7d3e5d74"},"component":"swingclient","watchers":[{"display_name":"jenny99r","account_id":null}],"content":"So that it is easier to accurately add existing tags to a document, change the text field on the document properties window to be an editable combo-box.","assignee":{"display_name":"jenny99r","account_id":null},"created_on":"2009-08-31T17:32:32.181833+00:00","version":null,"edited_on":null,"milestone":"release 0.3","updated_on":"2010-02-28T14:11:24.211929+00:00","id":14},{"status":"resolved","priority":"major","kind":"enhancement","content_updated_on":null,"voters":[],"title":"Automate swingclient version display.","reporter":{"display_name":"Tom Denley","account_id":"5b96769f63c47c2c7d3e5d74"},"component":"swingclient","watchers":[{"display_name":"Tom Denley","account_id":"5b96769f63c47c2c7d3e5d74"}],"content":"Update swingclient build to put the version into the application properties file.\n\n{{{\n#!xml\n<propertyfile\n    file=\"my.properties\"\n    comment=\"My properties\">\n  <entry  key=\"akey\" value=\"avalue\"\/>\n  <entry  key=\"adate\" type=\"date\" value=\"now\"\/>\n  <entry  key=\"anint\" type=\"int\" operation=\"+\"\/>\n  <entry  key=\"formated.int\" type=\"int\" default=\"0013\" operation=\"+\" pattern=\"0000\"\/>\n  <entry  key=\"formated.date\" type=\"date\" value=\"now\" pattern=\"DDD HH:mm\"\/>\n<\/propertyfile>\n}}}\n","assignee":{"display_name":"Tom Denley","account_id":"5b96769f63c47c2c7d3e5d74"},"created_on":"2009-08-31T11:37:34.877297+00:00","version":null,"edited_on":"2009-08-31T11:38:03.138768+00:00","milestone":"release 0.2","updated_on":"2009-08-31T11:37:34.877307+00:00","id":10},{"status":"resolved","priority":"major","kind":"bug","content_updated_on":null,"voters":[],"title":"Entering an invalid file name on the \"index file\" screen","reporter":{"display_name":"Tom Denley","account_id":"5b96769f63c47c2c7d3e5d74"},"component":"swingclient","watchers":[{"display_name":"Tom Denley","account_id":"5b96769f63c47c2c7d3e5d74"}],"content":"Entering an invalid file name on the \"index file\" screen causes the entire box to be cleared when you tab out.","assignee":{"display_name":"Tom Denley","account_id":"5b96769f63c47c2c7d3e5d74"},"created_on":"2009-09-12T08:27:03.829851+00:00","version":"0.1","edited_on":null,"milestone":"release 0.2","updated_on":"2009-09-12T08:27:03.829864+00:00","id":26},{"status":"resolved","priority":"major","kind":"enhancement","content_updated_on":null,"voters":[],"title":"Add separator between tags list and document list","reporter":{"display_name":"Tom Denley","account_id":"5b96769f63c47c2c7d3e5d74"},"component":"swingclient","watchers":[{"display_name":"Tom Denley","account_id":"5b96769f63c47c2c7d3e5d74"}],"content":"Tidy up the GUI a bit by adding a separator between the tags and the documents in the main application view.","assignee":{"display_name":"Tom Denley","account_id":"5b96769f63c47c2c7d3e5d74"},"created_on":"2009-08-31T17:30:05.987289+00:00","version":null,"edited_on":null,"milestone":"release 0.2","updated_on":"2009-08-31T17:30:05.987299+00:00","id":12},{"status":"resolved","priority":"major","kind":"enhancement","content_updated_on":null,"voters":[],"title":"Add an icon","reporter":{"display_name":"Tom Denley","account_id":"5b96769f63c47c2c7d3e5d74"},"component":"swingclient","watchers":[{"display_name":"Tom Denley","account_id":"5b96769f63c47c2c7d3e5d74"}],"content":"Give the application a proper icon.","assignee":{"display_name":"Tom Denley","account_id":"5b96769f63c47c2c7d3e5d74"},"created_on":"2009-08-31T17:34:11.614083+00:00","version":null,"edited_on":null,"milestone":"release 0.2","updated_on":"2009-09-14T16:18:31.248264+00:00","id":15},{"status":"resolved","priority":"major","kind":"enhancement","content_updated_on":null,"voters":[],"title":"Export function","reporter":{"display_name":"Tom Denley","account_id":"5b96769f63c47c2c7d3e5d74"},"component":"all","watchers":[{"display_name":"Tom Denley","account_id":"5b96769f63c47c2c7d3e5d74"}],"content":"Provide some way to export all of the files from the DMS with their original names (with incrementing numerical suffixes where duplicate names prevent this).\r\n\r\nConsider making the output of this a single zip file.","assignee":{"display_name":"Tom Denley","account_id":"5b96769f63c47c2c7d3e5d74"},"created_on":"2009-09-02T17:57:58.798941+00:00","version":null,"edited_on":null,"milestone":"release 0.3","updated_on":"2010-02-28T14:09:22.487830+00:00","id":23},{"status":"resolved","priority":"major","kind":"enhancement","content_updated_on":null,"voters":[],"title":"Display indexed documents.","reporter":{"display_name":"Tom Denley","account_id":"5b96769f63c47c2c7d3e5d74"},"component":"swingclient","watchers":[{"display_name":"Tom Denley","account_id":"5b96769f63c47c2c7d3e5d74"}],"content":"Show the user a list of all the documents contained in the DMS.","assignee":{"display_name":"Tom Denley","account_id":"5b96769f63c47c2c7d3e5d74"},"created_on":"2009-08-07T21:41:57.260271+00:00","version":null,"edited_on":null,"milestone":"release 0.1","updated_on":"2009-08-21T22:45:05.380748+00:00","id":1},{"status":"resolved","priority":"major","kind":"enhancement","content_updated_on":null,"voters":[],"title":"Allow a document to be removed from the DMS","reporter":{"display_name":"Tom Denley","account_id":"5b96769f63c47c2c7d3e5d74"},"component":"all","watchers":[{"display_name":"Tom Denley","account_id":"5b96769f63c47c2c7d3e5d74"}],"content":"","assignee":{"display_name":"Tom Denley","account_id":"5b96769f63c47c2c7d3e5d74"},"created_on":"2009-09-04T07:47:27.778976+00:00","version":null,"edited_on":null,"milestone":"release 0.3","updated_on":"2010-02-10T22:38:12.207767+00:00","id":24},{"status":"resolved","priority":"major","kind":"enhancement","content_updated_on":null,"voters":[],"title":"Add Tag manangement facilities","reporter":{"display_name":"Tom Denley","account_id":"5b96769f63c47c2c7d3e5d74"},"component":null,"watchers":[{"display_name":"jenny99r","account_id":null}],"content":"","assignee":{"display_name":"jenny99r","account_id":null},"created_on":"2009-09-14T07:09:39.922705+00:00","version":null,"edited_on":null,"milestone":null,"updated_on":"2010-08-22T21:53:35.587993+00:00","id":27}],"logs":[{"comment":37572,"changed_to":"resolved","field":"status","created_on":"2009-08-07T21:43:47.957372+00:00","user":{"display_name":"Tom Denley","account_id":"5b96769f63c47c2c7d3e5d74"},"issue":1,"changed_from":"new"},{"comment":43367,"changed_to":"release 0.1","field":"milestone","created_on":"2009-08-21T22:45:06.587478+00:00","user":{"display_name":"Tom Denley","account_id":"5b96769f63c47c2c7d3e5d74"},"issue":1,"changed_from":"None"},{"comment":46868,"changed_to":"resolved","field":"status","created_on":"2009-08-30T19:16:38.597212+00:00","user":{"display_name":"Tom Denley","account_id":"5b96769f63c47c2c7d3e5d74"},"issue":6,"changed_from":"new"},{"comment":46869,"changed_to":"resolved","field":"status","created_on":"2009-08-30T19:16:43.525821+00:00","user":{"display_name":"Tom Denley","account_id":"5b96769f63c47c2c7d3e5d74"},"issue":2,"changed_from":"new"},{"comment":46870,"changed_to":"resolved","field":"status","created_on":"2009-08-30T19:16:51.620893+00:00","user":{"display_name":"Tom Denley","account_id":"5b96769f63c47c2c7d3e5d74"},"issue":3,"changed_from":"new"},{"comment":46871,"changed_to":"resolved","field":"status","created_on":"2009-08-30T19:16:56.919902+00:00","user":{"display_name":"Tom Denley","account_id":"5b96769f63c47c2c7d3e5d74"},"issue":4,"changed_from":"new"},{"comment":46872,"changed_to":"resolved","field":"status","created_on":"2009-08-30T19:17:01.425741+00:00","user":{"display_name":"Tom Denley","account_id":"5b96769f63c47c2c7d3e5d74"},"issue":5,"changed_from":"new"},{"comment":46873,"changed_to":"open","field":"status","created_on":"2009-08-30T19:17:24.738715+00:00","user":{"display_name":"Tom Denley","account_id":"5b96769f63c47c2c7d3e5d74"},"issue":6,"changed_from":"resolved"},{"comment":46875,"changed_to":"resolved","field":"status","created_on":"2009-08-30T19:23:27.246311+00:00","user":{"display_name":"Tom Denley","account_id":"5b96769f63c47c2c7d3e5d74"},"issue":7,"changed_from":"new"},{"comment":46918,"changed_to":"release 0.2","field":"milestone","created_on":"2009-08-30T22:08:15.506334+00:00","user":{"display_name":"Tom Denley","account_id":"5b96769f63c47c2c7d3e5d74"},"issue":6,"changed_from":"release 0.1"},{"comment":46922,"changed_to":"resolved","field":"status","created_on":"2009-08-30T22:43:58.155101+00:00","user":{"display_name":"Tom Denley","account_id":"5b96769f63c47c2c7d3e5d74"},"issue":8,"changed_from":"new"},{"comment":47033,"changed_to":"resolved","field":"status","created_on":"2009-08-31T09:34:55.435492+00:00","user":{"display_name":"Tom Denley","account_id":"5b96769f63c47c2c7d3e5d74"},"issue":6,"changed_from":"open"},{"comment":47052,"changed_to":"Update swingclient build to put the version into the application properties file.\n\n{{{\n#!xml\n<propertyfile\n    file=\"my.properties\"\n    comment=\"My properties\">\n  <entry  key=\"akey\" value=\"avalue\"\/>\n  <entry  key=\"adate\" type=\"date\" value=\"now\"\/>\n  <entr","field":"content","created_on":"2009-08-31T11:38:04.386252+00:00","user":{"display_name":"Tom Denley","account_id":"5b96769f63c47c2c7d3e5d74"},"issue":10,"changed_from":"Update swingclient build to put the version into the application properties file.\r\n\r\n<propertyfile\r\n    file=\"my.properties\"\r\n    comment=\"My properties\">\r\n  <entry  key=\"akey\" value=\"avalue\"\/>\r\n  <entry  key=\"adate\" type=\"date\" value=\"now\"\/>\r\n  <entry  "},{"comment":47060,"changed_to":"resolved","field":"status","created_on":"2009-08-31T11:53:37.679612+00:00","user":{"display_name":"Tom Denley","account_id":"5b96769f63c47c2c7d3e5d74"},"issue":10,"changed_from":"new"},{"comment":47213,"changed_to":"swingclient","field":"component","created_on":"2009-08-31T17:37:22.960403+00:00","user":{"display_name":"Tom Denley","account_id":"5b96769f63c47c2c7d3e5d74"},"issue":11,"changed_from":"all"},{"comment":48074,"changed_to":"None","field":"milestone","created_on":"2009-09-02T17:58:14.036803+00:00","user":{"display_name":"Tom Denley","account_id":"5b96769f63c47c2c7d3e5d74"},"issue":23,"changed_from":"release 0.2"},{"comment":48158,"changed_to":"all","field":"component","created_on":"2009-09-02T22:31:19.281458+00:00","user":{"display_name":"Tom Denley","account_id":"5b96769f63c47c2c7d3e5d74"},"issue":13,"changed_from":"swingclient"},{"comment":48247,"changed_to":"resolved","field":"status","created_on":"2009-09-03T07:07:46.347057+00:00","user":{"display_name":"Tom Denley","account_id":"5b96769f63c47c2c7d3e5d74"},"issue":13,"changed_from":"new"},{"comment":50309,"changed_to":"resolved","field":"status","created_on":"2009-09-05T09:00:48.763584+00:00","user":{"display_name":"Tom Denley","account_id":"5b96769f63c47c2c7d3e5d74"},"issue":12,"changed_from":"new"},{"comment":50329,"changed_to":"resolved","field":"status","created_on":"2009-09-05T10:32:19.275890+00:00","user":{"display_name":"Tom Denley","account_id":"5b96769f63c47c2c7d3e5d74"},"issue":15,"changed_from":"new"},{"comment":52090,"changed_to":"resolved","field":"status","created_on":"2009-09-10T07:06:49.241786+00:00","user":{"display_name":"Tom Denley","account_id":"5b96769f63c47c2c7d3e5d74"},"issue":16,"changed_from":"new"},{"comment":52828,"changed_to":"resolved","field":"status","created_on":"2009-09-12T08:25:08.804375+00:00","user":{"display_name":"Tom Denley","account_id":"5b96769f63c47c2c7d3e5d74"},"issue":11,"changed_from":"new"},{"comment":52836,"changed_to":"resolved","field":"status","created_on":"2009-09-12T08:37:40.739255+00:00","user":{"display_name":"Tom Denley","account_id":"5b96769f63c47c2c7d3e5d74"},"issue":26,"changed_from":"new"},{"comment":60688,"changed_to":"release 0.3","field":"milestone","created_on":"2009-10-01T21:24:13.062035+00:00","user":{"display_name":"Tom Denley","account_id":"5b96769f63c47c2c7d3e5d74"},"issue":9,"changed_from":"release 0.2"},{"comment":60689,"changed_to":"release 0.3","field":"milestone","created_on":"2009-10-01T21:24:17.404984+00:00","user":{"display_name":"Tom Denley","account_id":"5b96769f63c47c2c7d3e5d74"},"issue":14,"changed_from":"release 0.2"},{"comment":60690,"changed_to":"release 0.3","field":"milestone","created_on":"2009-10-01T21:24:20.617456+00:00","user":{"display_name":"Tom Denley","account_id":"5b96769f63c47c2c7d3e5d74"},"issue":21,"changed_from":"release 0.2"},{"comment":60691,"changed_to":"release 0.3","field":"milestone","created_on":"2009-10-01T21:24:24.969867+00:00","user":{"display_name":"Tom Denley","account_id":"5b96769f63c47c2c7d3e5d74"},"issue":20,"changed_from":"release 0.2"},{"comment":60692,"changed_to":"release 0.3","field":"milestone","created_on":"2009-10-01T21:24:28.527483+00:00","user":{"display_name":"Tom Denley","account_id":"5b96769f63c47c2c7d3e5d74"},"issue":19,"changed_from":"release 0.2"},{"comment":114882,"changed_to":"resolved","field":"status","created_on":"2010-01-30T18:31:09.858959+00:00","user":{"display_name":"Tom Denley","account_id":"5b96769f63c47c2c7d3e5d74"},"issue":20,"changed_from":"new"},{"comment":114986,"changed_to":"resolved","field":"status","created_on":"2010-01-30T23:26:43.505596+00:00","user":{"display_name":"Tom Denley","account_id":"5b96769f63c47c2c7d3e5d74"},"issue":19,"changed_from":"new"},{"comment":115138,"changed_to":"http:\/\/java.sun.com\/developer\/technicalArticles\/javase\/swingappfr\/\n\nhttps:\/\/appframework.dev.java.net\/\n\nhttp:\/\/sourceforge.net\/projects\/bsaf\/files\/","field":"content","created_on":"2010-01-31T13:15:02.178134+00:00","user":{"display_name":"Tom Denley","account_id":"5b96769f63c47c2c7d3e5d74"},"issue":29,"changed_from":"http:\/\/java.sun.com\/developer\/technicalArticles\/javase\/swingappfr\/\r\nhttps:\/\/appframework.dev.java.net\/\r\nhttp:\/\/sourceforge.net\/projects\/bsaf\/files\/"},{"comment":115235,"changed_to":"resolved","field":"status","created_on":"2010-01-31T17:51:43.937758+00:00","user":{"display_name":"Tom Denley","account_id":"5b96769f63c47c2c7d3e5d74"},"issue":30,"changed_from":"new"},{"comment":118043,"changed_to":"release 0.3","field":"milestone","created_on":"2010-02-04T23:39:59.584538+00:00","user":{"display_name":"jenny99r","account_id":null},"issue":23,"changed_from":"None"},{"comment":119299,"changed_to":"resolved","field":"status","created_on":"2010-02-07T13:35:24.053322+00:00","user":{"display_name":"jenny99r","account_id":null},"issue":22,"changed_from":"new"},{"comment":121203,"changed_to":"release 0.4","field":"milestone","created_on":"2010-02-10T13:08:26.160632+00:00","user":{"display_name":"Tom Denley","account_id":"5b96769f63c47c2c7d3e5d74"},"issue":25,"changed_from":"None"},{"comment":121216,"changed_to":"release 0.3","field":"milestone","created_on":"2010-02-10T13:24:30.211625+00:00","user":{"display_name":"Tom Denley","account_id":"5b96769f63c47c2c7d3e5d74"},"issue":30,"changed_from":"release 0.4"},{"comment":121475,"changed_to":"resolved","field":"status","created_on":"2010-02-10T22:37:21.988419+00:00","user":{"display_name":"jenny99r","account_id":null},"issue":18,"changed_from":"new"},{"comment":121477,"changed_to":"resolved","field":"status","created_on":"2010-02-10T22:38:12.332833+00:00","user":{"display_name":"jenny99r","account_id":null},"issue":24,"changed_from":"new"},{"comment":122806,"changed_to":"Loading...","field":"content","created_on":"2010-02-13T10:12:13.436165+00:00","user":{"display_name":"jenny99r","account_id":null},"issue":35,"changed_from":""},{"comment":131234,"changed_to":"When removing a document doesn't prompt to check the user is sure about deleting the document","field":"content","created_on":"2010-02-27T15:16:31.772305+00:00","user":{"display_name":"jenny99r","account_id":null},"issue":35,"changed_from":"Loading..."},{"comment":131541,"changed_to":"resolved","field":"status","created_on":"2010-02-28T10:25:28.687622+00:00","user":{"display_name":"jenny99r","account_id":null},"issue":35,"changed_from":"new"},{"comment":131555,"changed_to":"Would project be a better word?\n\nIf a user has two docnap \"projects\" then they are really wanting to select the \"project\" or too create a new one. Home directory is more of a coding concept than a user concept?","field":"content","created_on":"2010-02-28T11:05:34.716561+00:00","user":{"display_name":"jenny99r","account_id":null},"issue":43,"changed_from":"Would project be a better word?\r\n\r\nIf a user has two docnap \"projects\" then they are really wanting to select the \"project\" or two create a new one. Home directory is more of a coding concept than a user concept?"},{"comment":131556,"changed_to":"Would project be a better word?\n\nIf a user has two docnap \"projects\" then they are really wanting to select the \"project\" or to create a new one. Home directory is more of a coding concept than a user concept?","field":"content","created_on":"2010-02-28T11:05:42.987874+00:00","user":{"display_name":"jenny99r","account_id":null},"issue":43,"changed_from":"Would project be a better word?\n\nIf a user has two docnap \"projects\" then they are really wanting to select the \"project\" or too create a new one. Home directory is more of a coding concept than a user concept?"},{"comment":131625,"changed_to":"resolved","field":"status","created_on":"2010-02-28T14:09:22.664600+00:00","user":{"display_name":"Tom Denley","account_id":"5b96769f63c47c2c7d3e5d74"},"issue":23,"changed_from":"new"},{"comment":131626,"changed_to":"jenny99r","field":"responsible","created_on":"2010-02-28T14:10:00.003719+00:00","user":{"display_name":"Tom Denley","account_id":"5b96769f63c47c2c7d3e5d74"},"issue":27,"changed_from":"scarytom"},{"comment":131627,"changed_to":"open","field":"status","created_on":"2010-02-28T14:10:07.664868+00:00","user":{"display_name":"Tom Denley","account_id":"5b96769f63c47c2c7d3e5d74"},"issue":27,"changed_from":"new"},{"comment":131628,"changed_to":"open","field":"status","created_on":"2010-02-28T14:10:42.978753+00:00","user":{"display_name":"Tom Denley","account_id":"5b96769f63c47c2c7d3e5d74"},"issue":28,"changed_from":"new"},{"comment":131629,"changed_to":"resolved","field":"status","created_on":"2010-02-28T14:11:24.411476+00:00","user":{"display_name":"Tom Denley","account_id":"5b96769f63c47c2c7d3e5d74"},"issue":14,"changed_from":"new"},{"comment":131629,"changed_to":"jenny99r","field":"responsible","created_on":"2010-02-28T14:11:24.428820+00:00","user":{"display_name":"Tom Denley","account_id":"5b96769f63c47c2c7d3e5d74"},"issue":14,"changed_from":"scarytom"},{"comment":131630,"changed_to":"release 0.4","field":"milestone","created_on":"2010-02-28T14:12:05.799581+00:00","user":{"display_name":"Tom Denley","account_id":"5b96769f63c47c2c7d3e5d74"},"issue":21,"changed_from":"release 0.3"},{"comment":131631,"changed_to":"release 0.4","field":"milestone","created_on":"2010-02-28T14:12:10.183382+00:00","user":{"display_name":"Tom Denley","account_id":"5b96769f63c47c2c7d3e5d74"},"issue":9,"changed_from":"release 0.3"},{"comment":131632,"changed_to":"release 0.4","field":"milestone","created_on":"2010-02-28T14:12:14.092077+00:00","user":{"display_name":"Tom Denley","account_id":"5b96769f63c47c2c7d3e5d74"},"issue":17,"changed_from":"release 0.3"},{"comment":131634,"changed_to":"open","field":"status","created_on":"2010-02-28T14:13:44.053732+00:00","user":{"display_name":"Tom Denley","account_id":"5b96769f63c47c2c7d3e5d74"},"issue":40,"changed_from":"new"},{"comment":131634,"changed_to":"release 0.3","field":"milestone","created_on":"2010-02-28T14:13:44.060652+00:00","user":{"display_name":"Tom Denley","account_id":"5b96769f63c47c2c7d3e5d74"},"issue":40,"changed_from":"release 0.4"},{"comment":131635,"changed_to":"0.2","field":"version","created_on":"2010-02-28T14:13:56.980674+00:00","user":{"display_name":"Tom Denley","account_id":"5b96769f63c47c2c7d3e5d74"},"issue":40,"changed_from":"None"},{"comment":131639,"changed_to":"release 0.3","field":"milestone","created_on":"2010-02-28T14:16:36.605589+00:00","user":{"display_name":"Tom Denley","account_id":"5b96769f63c47c2c7d3e5d74"},"issue":35,"changed_from":"release 0.4"},{"comment":221092,"changed_to":"resolved","field":"status","created_on":"2010-07-25T10:48:40.589255+00:00","user":{"display_name":"Tom Denley","account_id":"5b96769f63c47c2c7d3e5d74"},"issue":34,"changed_from":"new"},{"comment":232991,"changed_to":"resolved","field":"status","created_on":"2010-08-22T21:53:35.760587+00:00","user":{"display_name":"Tom Denley","account_id":"5b96769f63c47c2c7d3e5d74"},"issue":27,"changed_from":"open"},{"comment":232992,"changed_to":"resolved","field":"status","created_on":"2010-08-22T21:54:06.050568+00:00","user":{"display_name":"Tom Denley","account_id":"5b96769f63c47c2c7d3e5d74"},"issue":28,"changed_from":"open"}]}