{"projects":[{"key":"DOCNAP","name":"docnap","versions":[{"name":"0.1"},{"name":"0.2"}],"components":[{"name":"all","lead":"5b96769f63c47c2c7d3e5d74"},{"name":"core","lead":"5b96769f63c47c2c7d3e5d74"},{"name":"rcp","lead":"5b96769f63c47c2c7d3e5d74"},{"name":"swingclient","lead":"5b96769f63c47c2c7d3e5d74"}],"template":"com.pyxis.greenhopper.jira:gh-simplified-kanban-classic","issues":[{"status":"Backlog","updated":"2010-02-28T14:12:10.043623+00:00","labels":["release 0.4"],"description":"Imported from https:\/\/bitbucket.org\/scarytom\/docnap\/issues\/9\/resolve-ioc-issues-in-swing-desktop \n\n see TODO in main application class","reporter":"5b96769f63c47c2c7d3e5d74","created":"2009-08-31T11:32:57.832500+00:00","comments":[{"body":"Implement Pico Bootstrapper for the swingclient app. refs #9.\n\n→ <<cset 113f09d6243e>>","created":"2009-09-05T11:33:22.332968+00:00","author":"5b96769f63c47c2c7d3e5d74"},{"body":null,"created":"2009-10-01T21:24:13.016490+00:00","author":"5b96769f63c47c2c7d3e5d74"},{"body":null,"created":"2010-02-28T14:12:10.070786+00:00","author":"5b96769f63c47c2c7d3e5d74"}],"summary":"Resolve IoC issues in swing desktop","priority":"Medium","assignee":"5b96769f63c47c2c7d3e5d74","watchers":["5b96769f63c47c2c7d3e5d74"],"externalId":"docnap-9","components":["swingclient"],"issueType":"Story"},{"status":"Done","updated":"2010-08-22T21:54:05.396284+00:00","labels":["release 0.3"],"description":"Imported from https:\/\/bitbucket.org\/scarytom\/docnap\/issues\/28\/sort-out-the-acceptance-testing \n\n ","reporter":"5b96769f63c47c2c7d3e5d74","created":"2009-10-02T07:23:15.686802+00:00","comments":[{"body":"Include WindowLicker development version to support acceptance testing through the user interface. refs #28\n\n→ <<cset a28776599948>>","created":"2010-01-30T18:11:16.781885+00:00","author":"5b96769f63c47c2c7d3e5d74"},{"body":"Add basic UI acceptance test. refs #28\n\n→ <<cset f09490643bef>>","created":"2010-01-30T18:11:17.093450+00:00","author":"5b96769f63c47c2c7d3e5d74"},{"body":"Remove restriction that application frame is showing - refs #28\n\n→ <<cset 264b293c40c3>>","created":"2010-01-31T17:51:44.006239+00:00","author":"5b96769f63c47c2c7d3e5d74"},{"body":"Added a new StartUpTest to test application startup and selection of home directory (still work in progress) - refs #28\n\n→ <<cset 95ffb7ae8e8f>>","created":"2010-01-31T17:51:44.247019+00:00","author":"5b96769f63c47c2c7d3e5d74"},{"body":"Added new UI tests - refs #28\n\n→ <<cset 2cf2d7e0512f>>","created":"2010-01-31T23:07:48.497657+00:00","author":"5b96769f63c47c2c7d3e5d74"},{"body":"Tidy UI acceptance tests refs #28\n\n→ <<cset 05968e5c7765>>","created":"2010-02-07T10:45:51.315408+00:00","author":"5b96769f63c47c2c7d3e5d74"},{"body":"Better document UI acceptance tests - refs #28\n\n→ <<cset 0729c2f3b089>>","created":"2010-02-07T10:49:14.695489+00:00","author":"5b96769f63c47c2c7d3e5d74"},{"body":"Move application drivers for UI testing into a separate package - refs #28\n\n→ <<cset 0def1a3a27a3>>","created":"2010-02-07T10:53:59.435150+00:00","author":"5b96769f63c47c2c7d3e5d74"},{"body":"Extract superclass for end-to-end tests - refs #28\n\n→ <<cset bbd4d4b6e59f>>","created":"2010-02-07T13:39:44.107022+00:00","author":"5b96769f63c47c2c7d3e5d74"},{"body":"UI end-to-end testing - refs #28\n\n→ <<cset 4db75b1dca12>>","created":"2010-02-07T17:39:36.550789+00:00","author":"5b96769f63c47c2c7d3e5d74"},{"body":"Added TODO - refs #28\n\n→ <<cset 0158ea2fe47a>>","created":"2010-02-08T23:15:37.695519+00:00","author":"5b96769f63c47c2c7d3e5d74"},{"body":"Complete first real end-to-end gui test - refs #28\n\n→ <<cset ba68c1bbd3f2>>","created":"2010-02-27T15:46:02.201906+00:00","author":"5b96769f63c47c2c7d3e5d74"},{"body":null,"created":"2010-02-28T14:10:42.832032+00:00","author":"5b96769f63c47c2c7d3e5d74"},{"body":null,"created":"2010-08-22T21:54:05.933468+00:00","author":"5b96769f63c47c2c7d3e5d74"}],"summary":"Sort out the Acceptance Testing","priority":"Medium","assignee":"5b96769f63c47c2c7d3e5d74","watchers":["5b96769f63c47c2c7d3e5d74"],"externalId":"docnap-28","components":["all"],"issueType":"Story","resolution":"resolved"},{"status":"Done","updated":"2009-09-03T07:07:44.649686+00:00","labels":["release 0.2"],"description":"Imported from https:\/\/bitbucket.org\/scarytom\/docnap\/issues\/13\/refresh-properly-when-adding-removing-tags \n\n Refresh the tags bar at the top of the document properties window when a tag is added or removed.","reporter":"5b96769f63c47c2c7d3e5d74","created":"2009-08-31T17:31:25.610068+00:00","comments":[{"body":null,"created":"2009-09-02T22:31:19.271790+00:00","author":"5b96769f63c47c2c7d3e5d74"},{"body":null,"created":"2009-09-03T07:07:46.228136+00:00","author":"5b96769f63c47c2c7d3e5d74"}],"summary":"Refresh properly when adding\/removing tags","priority":"Medium","assignee":"5b96769f63c47c2c7d3e5d74","watchers":["5b96769f63c47c2c7d3e5d74"],"externalId":"docnap-13","components":["all"],"issueType":"Story","resolution":"resolved"},{"status":"Backlog","updated":"2010-02-28T14:12:13.941815+00:00","labels":["release 0.4"],"description":"Imported from https:\/\/bitbucket.org\/scarytom\/docnap\/issues\/17\/add-recieved-address-as-a-document \n\n ","reporter":"5b96769f63c47c2c7d3e5d74","created":"2009-08-31T17:36:56.359684+00:00","comments":[{"body":null,"created":"2010-02-28T14:12:13.970534+00:00","author":"5b96769f63c47c2c7d3e5d74"}],"summary":"Add recieved Address as a document property.","priority":"Medium","assignee":"5b96769f63c47c2c7d3e5d74","watchers":["5b96769f63c47c2c7d3e5d74"],"externalId":"docnap-17","components":["all"],"issueType":"Story"},{"status":"Done","updated":"2009-08-31T17:37:21.848358+00:00","labels":["release 0.2"],"description":"Imported from https:\/\/bitbucket.org\/scarytom\/docnap\/issues\/11\/display-document-content-if-it-is-an-image \n\n When the contained document is an image (jpg, png, tiff etc.) display that image within the application.","reporter":"5b96769f63c47c2c7d3e5d74","created":"2009-08-31T17:28:54.898596+00:00","comments":[{"body":null,"created":"2009-08-31T17:37:22.936344+00:00","author":"5b96769f63c47c2c7d3e5d74"},{"body":"Add a new DocumentContentPanel to display document content where possible. fixes #11\n\n→ <<cset c26d90f93b5f>>","created":"2009-09-12T08:25:06.825405+00:00","author":"5b96769f63c47c2c7d3e5d74"}],"summary":"Display document content if it is an image","priority":"Medium","assignee":"5b96769f63c47c2c7d3e5d74","watchers":["5b96769f63c47c2c7d3e5d74"],"externalId":"docnap-11","components":["swingclient"],"issueType":"Story","resolution":"resolved"},{"status":"Done","updated":"2010-02-10T22:37:21.873466+00:00","labels":["release 0.3"],"description":"Imported from https:\/\/bitbucket.org\/scarytom\/docnap\/issues\/18\/drag-and-drop-document-addition \n\n ","reporter":"5b96769f63c47c2c7d3e5d74","created":"2009-09-01T12:24:19.610944+00:00","comments":[{"body":"Start of drag and drop refs #18\n\n→ <<cset 3592bbf12c9f>>","created":"2010-02-08T23:26:33.591878+00:00","author":""},{"body":"Fixed null pointer exception which corrected drag and drop issue fixes #18\n\n→ <<cset 3d044cabf019>>","created":"2010-02-10T22:37:21.869086+00:00","author":""}],"summary":"Drag-and-drop document addition","priority":"Medium","assignee":"5b96769f63c47c2c7d3e5d74","watchers":["5b96769f63c47c2c7d3e5d74"],"externalId":"docnap-18","components":["swingclient"],"issueType":"Story","resolution":"resolved"},{"status":"Done","updated":"2010-01-30T23:26:43.372967+00:00","labels":["release 0.3"],"description":"Imported from https:\/\/bitbucket.org\/scarytom\/docnap\/issues\/19\/order-tags-alphabetically-not-by \n\n ","reporter":"5b96769f63c47c2c7d3e5d74","created":"2009-09-01T12:27:50.591493+00:00","comments":[{"body":null,"created":"2009-10-01T21:24:28.522667+00:00","author":"5b96769f63c47c2c7d3e5d74"},{"body":"Fixed by <<changeset 24dcdfd6e7f1>> merged in on <<changeset 06e8a3da2490>>.","created":"2010-01-30T23:26:43.366578+00:00","author":"5b96769f63c47c2c7d3e5d74"}],"summary":"Order tags alphabetically, not by popularity","priority":"Medium","assignee":"5b96769f63c47c2c7d3e5d74","watchers":["5b96769f63c47c2c7d3e5d74"],"externalId":"docnap-19","components":["all"],"issueType":"Story","resolution":"resolved"},{"status":"Backlog","updated":"2010-02-28T14:12:05.608723+00:00","labels":["release 0.4"],"description":"Imported from https:\/\/bitbucket.org\/scarytom\/docnap\/issues\/21\/change-the-documents-list-to-be-a-table \n\n ","reporter":"5b96769f63c47c2c7d3e5d74","created":"2009-09-01T12:30:29.882902+00:00","comments":[{"body":null,"created":"2009-10-01T21:24:20.611898+00:00","author":"5b96769f63c47c2c7d3e5d74"},{"body":null,"created":"2010-02-28T14:12:05.655899+00:00","author":"5b96769f63c47c2c7d3e5d74"}],"summary":"Change the documents list to be a table.","priority":"Medium","assignee":"5b96769f63c47c2c7d3e5d74","watchers":["5b96769f63c47c2c7d3e5d74"],"externalId":"docnap-21","components":["swingclient"],"issueType":"Story"},{"status":"Done","updated":"2010-02-07T13:35:23.880958+00:00","labels":["release 0.3"],"description":"Imported from https:\/\/bitbucket.org\/scarytom\/docnap\/issues\/22\/include-the-add-remove-tags-bar-above-the \n\n ","reporter":"5b96769f63c47c2c7d3e5d74","created":"2009-09-01T12:30:55.026230+00:00","comments":[{"body":"Added tag bar above document list in the application. Fixes #22\n\n→ <<cset 7ff4fb1e66f9>>","created":"2010-02-07T13:35:23.873302+00:00","author":""}],"summary":"Include the add\/remove tags bar above the documents list on the main screen","priority":"Medium","assignee":"5b96769f63c47c2c7d3e5d74","watchers":["5b96769f63c47c2c7d3e5d74"],"externalId":"docnap-22","components":["swingclient"],"issueType":"Story","resolution":"resolved"},{"status":"Done","updated":"2009-09-10T07:06:48.025279+00:00","labels":["release 0.2"],"description":"Imported from https:\/\/bitbucket.org\/scarytom\/docnap\/issues\/16\/improve-the-interface-for-indexing \n\n Tart up the interface for adding new documents, perhaps by creating a customisation of the Java file browser.","reporter":"5b96769f63c47c2c7d3e5d74","created":"2009-08-31T17:36:25.262309+00:00","comments":[{"body":"<<changeset 23973809bb51>>\r\n\r\n<<changeset 0d99274438c0>>\r\n\r\n<<changeset 1cbc6093e2dd>>\r\n\r\n<<changeset f5e891c26a13>>\r\n\r\n<<changeset 2785ecb779a0>>\r\n\r\n<<changeset ff65f7560d96>>","created":"2009-09-10T07:06:48.020529+00:00","author":"5b96769f63c47c2c7d3e5d74"}],"summary":"Improve the interface for indexing documents","priority":"Medium","assignee":"5b96769f63c47c2c7d3e5d74","watchers":["5b96769f63c47c2c7d3e5d74"],"externalId":"docnap-16","components":["swingclient"],"issueType":"Story","resolution":"resolved"},{"status":"Backlog","updated":"2010-02-10T13:08:26.036559+00:00","labels":["release 0.4"],"description":"Imported from https:\/\/bitbucket.org\/scarytom\/docnap\/issues\/25\/report-file-size \n\n ","reporter":"5b96769f63c47c2c7d3e5d74","created":"2009-09-10T22:35:34.484118+00:00","comments":[{"body":null,"created":"2010-02-10T13:08:26.063967+00:00","author":"5b96769f63c47c2c7d3e5d74"}],"summary":"Report file size","priority":"Medium","assignee":"5b96769f63c47c2c7d3e5d74","watchers":["5b96769f63c47c2c7d3e5d74"],"externalId":"docnap-25","components":["all"],"issueType":"Story"},{"status":"Done","updated":"2009-08-30T19:16:42.361342+00:00","labels":["release 0.1"],"description":"Imported from https:\/\/bitbucket.org\/scarytom\/docnap\/issues\/2\/add-a-document-to-the-dms \n\n ","reporter":"5b96769f63c47c2c7d3e5d74","created":"2009-08-30T19:11:41.896701+00:00","comments":[{"body":null,"created":"2009-08-30T19:16:43.521466+00:00","author":"5b96769f63c47c2c7d3e5d74"}],"summary":"Add a document to the DMS","priority":"Medium","assignee":"5b96769f63c47c2c7d3e5d74","watchers":["5b96769f63c47c2c7d3e5d74"],"externalId":"docnap-2","components":["all"],"issueType":"Story","resolution":"resolved"},{"status":"Done","updated":"2009-08-30T19:16:50.494431+00:00","labels":["release 0.1"],"description":"Imported from https:\/\/bitbucket.org\/scarytom\/docnap\/issues\/3\/edit-properties-of-an-indexed-document-eg \n\n ","reporter":"5b96769f63c47c2c7d3e5d74","created":"2009-08-30T19:12:14.445569+00:00","comments":[{"body":null,"created":"2009-08-30T19:16:51.615845+00:00","author":"5b96769f63c47c2c7d3e5d74"}],"summary":"Edit properties of an indexed document (e.g. title)","priority":"Medium","assignee":"5b96769f63c47c2c7d3e5d74","watchers":["5b96769f63c47c2c7d3e5d74"],"externalId":"docnap-3","components":["all"],"issueType":"Story","resolution":"resolved"},{"status":"Done","updated":"2009-08-30T19:17:00.301474+00:00","labels":["release 0.1"],"description":"Imported from https:\/\/bitbucket.org\/scarytom\/docnap\/issues\/5\/allow-tags-to-be-applied-to-documents \n\n ","reporter":"5b96769f63c47c2c7d3e5d74","created":"2009-08-30T19:13:16.783672+00:00","comments":[{"body":null,"created":"2009-08-30T19:17:01.421623+00:00","author":"5b96769f63c47c2c7d3e5d74"}],"summary":"Allow Tags to be applied to documents","priority":"Medium","assignee":"5b96769f63c47c2c7d3e5d74","watchers":["5b96769f63c47c2c7d3e5d74"],"externalId":"docnap-5","components":["all"],"issueType":"Story","resolution":"resolved"},{"status":"Done","updated":"2009-08-30T19:16:55.828467+00:00","labels":["release 0.1"],"description":"Imported from https:\/\/bitbucket.org\/scarytom\/docnap\/issues\/4\/retrieve-an-indexed-document-from-the-dms \n\n ","reporter":"5b96769f63c47c2c7d3e5d74","created":"2009-08-30T19:12:44.104256+00:00","comments":[{"body":null,"created":"2009-08-30T19:16:56.915111+00:00","author":"5b96769f63c47c2c7d3e5d74"}],"summary":"Retrieve an indexed document from the DMS","priority":"Medium","assignee":"5b96769f63c47c2c7d3e5d74","watchers":["5b96769f63c47c2c7d3e5d74"],"externalId":"docnap-4","components":["all"],"issueType":"Story","resolution":"resolved"},{"status":"Done","updated":"2009-08-30T22:08:14.299235+00:00","labels":["release 0.2"],"description":"Imported from https:\/\/bitbucket.org\/scarytom\/docnap\/issues\/6\/list-documents-by-tag \n\n ","reporter":"5b96769f63c47c2c7d3e5d74","created":"2009-08-30T19:14:18.764118+00:00","comments":[{"body":null,"created":"2009-08-30T19:16:38.591953+00:00","author":"5b96769f63c47c2c7d3e5d74"},{"body":null,"created":"2009-08-30T19:17:24.734125+00:00","author":"5b96769f63c47c2c7d3e5d74"},{"body":null,"created":"2009-08-30T22:08:15.440956+00:00","author":"5b96769f63c47c2c7d3e5d74"},{"body":"Add fetchAll to tag repository (refs #6).\n\n→ <<cset f0cbb9738322>>","created":"2009-08-31T09:34:47.332868+00:00","author":"5b96769f63c47c2c7d3e5d74"},{"body":"Added toString to tag (refs #6)\n\n→ <<cset b6180ee48890>>","created":"2009-08-31T09:34:50.589818+00:00","author":"5b96769f63c47c2c7d3e5d74"},{"body":"Display tags on LHS (refs #6)\n\n→ <<cset d6a48f70e21b>>","created":"2009-08-31T09:34:51.770683+00:00","author":"5b96769f63c47c2c7d3e5d74"},{"body":"Add fetchByTagId method to DocumentRepository (refs #6)\n\n→ <<cset e2e66ce8c2de>>","created":"2009-08-31T09:34:53.069683+00:00","author":"5b96769f63c47c2c7d3e5d74"},{"body":"Rework the desktop to display documents by tag (fixes #6)\n\n→ <<cset 2970877049f4>>","created":"2009-08-31T09:34:54.294381+00:00","author":"5b96769f63c47c2c7d3e5d74"}],"summary":"List documents by tag","priority":"Medium","assignee":"5b96769f63c47c2c7d3e5d74","watchers":["5b96769f63c47c2c7d3e5d74"],"externalId":"docnap-6","components":["all"],"issueType":"Story","resolution":"resolved"},{"status":"Done","updated":"2009-08-30T19:23:26.060844+00:00","labels":["release 0.1"],"description":"Imported from https:\/\/bitbucket.org\/scarytom\/docnap\/issues\/7\/build-scripts-and-packaging \n\n Sort out some ant scripts to build and package a release.","reporter":"5b96769f63c47c2c7d3e5d74","created":"2009-08-30T19:22:25.293497+00:00","comments":[{"body":"<<changeset 2dd5ade74c81>>","created":"2009-08-30T19:23:26.056411+00:00","author":"5b96769f63c47c2c7d3e5d74"}],"summary":"Build scripts and packaging","priority":"Medium","assignee":"5b96769f63c47c2c7d3e5d74","watchers":["5b96769f63c47c2c7d3e5d74"],"externalId":"docnap-7","components":["all"],"issueType":"Story","resolution":"resolved"},{"status":"Done","updated":"2009-08-30T22:43:57.022632+00:00","labels":["release 0.1"],"description":"Imported from https:\/\/bitbucket.org\/scarytom\/docnap\/issues\/8\/establish-repository-layout-release-branch \n\n Work out how to tag a release appropriately in mercurial, and how to stick a release jar into the downloads section.","reporter":"5b96769f63c47c2c7d3e5d74","created":"2009-08-30T19:24:44.464909+00:00","comments":[{"body":"hg -tag release 0.1","created":"2009-08-30T22:38:50.036585+00:00","author":"5b96769f63c47c2c7d3e5d74"},{"body":"<<changeset feacb9d7bfe9>>","created":"2009-08-30T22:43:57.018301+00:00","author":"5b96769f63c47c2c7d3e5d74"}],"summary":"Establish repository layout, release branch etc.","priority":"Medium","assignee":"5b96769f63c47c2c7d3e5d74","watchers":["5b96769f63c47c2c7d3e5d74"],"externalId":"docnap-8","components":["all"],"issueType":"Story","resolution":"resolved"},{"status":"Backlog","updated":"2010-02-28T10:37:48.271587+00:00","labels":["release 0.4"],"description":"Imported from https:\/\/bitbucket.org\/scarytom\/docnap\/issues\/38\/allow-user-to-give-particular-instance-of \n\n Would it be useful to the user to be able to name each instance of docnap?\r\n\r\nThen the title bar could include the name e.g. Banking Documents rather than just the path name of the home directory.","reporter":"","created":"2010-02-28T10:37:48.271576+00:00","summary":"Allow user to give particular instance of docnap a name","priority":"Medium","assignee":"5b96769f63c47c2c7d3e5d74","watchers":["5b96769f63c47c2c7d3e5d74",""],"externalId":"docnap-38","components":["all"],"issueType":"Story"},{"status":"Backlog","updated":"2010-02-28T10:39:09.169396+00:00","labels":["release 0.4"],"description":"Imported from https:\/\/bitbucket.org\/scarytom\/docnap\/issues\/39\/give-the-user-an-easy-way-to-switch \n\n If the user has several \"home directories\" for different uses, e.g. Banking, Work etc would it be useful to record these and then have an option on the menu to change between them?","reporter":"","created":"2010-02-28T10:39:09.169384+00:00","summary":"Give the user an easy way to switch between different instances of docnap","priority":"Medium","assignee":"5b96769f63c47c2c7d3e5d74","watchers":["5b96769f63c47c2c7d3e5d74",""],"externalId":"docnap-39","components":["all"],"issueType":"Story"},{"status":"Selected For Development","updated":"2010-03-24T19:17:40.840033+00:00","affectedVersions":["0.2"],"description":"Imported from https:\/\/bitbucket.org\/scarytom\/docnap\/issues\/40\/when-change-home-directory-docnap-window \n\n If choose different home directory then the window is not refresh and it still shows the old tags\/documents.\r\n\r\nAlso possible issue around connection?","reporter":"","fixedVersions":["0.2"],"labels":["release 0.3"],"created":"2010-02-28T10:40:18.555874+00:00","comments":[{"body":null,"created":"2010-02-28T14:13:43.946509+00:00","author":"5b96769f63c47c2c7d3e5d74"},{"body":null,"created":"2010-02-28T14:13:56.877502+00:00","author":"5b96769f63c47c2c7d3e5d74"},{"body":"New test class for testing changing home directory. Test is designed to fail until refs #40 is fixed.\n\nTests are designed to highlight issues in ref #40\n\n→ <<cset 3d442239b4c7>>","created":"2010-02-28T22:57:06.157764+00:00","author":""},{"body":"New test class for testing changing home directory. Test is designed to fail until refs #40 is fixed.\n\nTests are designed to highlight issues in ref #40\n\n→ <<cset 3d442239b4c7>>","created":"2010-02-28T22:57:06.423793+00:00","author":""},{"body":"Ignored the tests relating to ref #40 as this has not yet been fixed.\n\n→ <<cset 38b377ad8027>>","created":"2010-03-24T19:17:40.818394+00:00","author":""}],"summary":"When change home directory docnap window is not refresh","priority":"Medium","assignee":"5b96769f63c47c2c7d3e5d74","watchers":["5b96769f63c47c2c7d3e5d74",""],"externalId":"docnap-40","components":["all"],"issueType":"Bug"},{"status":"Backlog","updated":"2010-02-28T10:47:53.047741+00:00","watchers":[""],"description":"Imported from https:\/\/bitbucket.org\/scarytom\/docnap\/issues\/41\/should-we-restrict-the-length-of-a-tag \n\n Possibly we could convert a long tag name to Longtagname... (5) and then give the full name if they hover over it?","reporter":"","created":"2010-02-28T10:47:53.047730+00:00","summary":"Should we restrict the length of a tag name or handle it better","priority":"Medium","externalId":"docnap-41","components":["all"],"issueType":"Story"},{"status":"Backlog","updated":"2010-02-28T11:01:31.847698+00:00","watchers":[""],"description":"Imported from https:\/\/bitbucket.org\/scarytom\/docnap\/issues\/42\/cant-create-a-new-folder-when-selecting \n\n When the file chooser for selecting a home directory is opened it doesn't let you create a new folder.\r\n\r\nI guess a user might want to create a new directory for a new home directory.","reporter":"","created":"2010-02-28T11:01:31.847681+00:00","summary":"Can't create a new folder when selecting the home directory","priority":"Medium","externalId":"docnap-42","components":["all"],"issueType":"Story"},{"status":"Backlog","updated":"2010-02-28T11:04:40.529373+00:00","watchers":[""],"description":"Imported from https:\/\/bitbucket.org\/scarytom\/docnap\/issues\/43\/wording-of-select-home-directory \n\n Would project be a better word?\n\nIf a user has two docnap \"projects\" then they are really wanting to select the \"project\" or to create a new one. Home directory is more of a coding concept than a user concept?","reporter":"","created":"2010-02-28T11:04:40.529360+00:00","comments":[{"body":null,"created":"2010-02-28T11:05:34.608140+00:00","author":""},{"body":null,"created":"2010-02-28T11:05:42.877446+00:00","author":""}],"summary":"Wording of \"Select Home Directory\"","priority":"Medium","externalId":"docnap-43","components":["all"],"issueType":"Story"},{"status":"Backlog","updated":"2010-02-28T11:10:29.452689+00:00","watchers":[""],"description":"Imported from https:\/\/bitbucket.org\/scarytom\/docnap\/issues\/44\/what-should-happen-if-the-user-renames \n\n At the moment if a user renames their home directory before starting docnap then docnap opens with that directory and works as if it is an empty project.\r\n\r\nShould it tell the user that the directory doesn't exist?","reporter":"","created":"2010-02-28T11:10:29.452679+00:00","summary":"What should happen if the user renames their home directory","priority":"Medium","externalId":"docnap-44","components":["all"],"issueType":"Story"},{"status":"Backlog","updated":"2010-02-28T13:08:49.275668+00:00","watchers":[""],"description":"Imported from https:\/\/bitbucket.org\/scarytom\/docnap\/issues\/45\/do-we-want-to-introduce-hierarchial-tags \n\n Mrs Rubicon uses Docnap to index all her banking statements as well as her knitting tips. Mrs Rubicon is an avid watcher of the best buys page and is always opening up new bank accounts. As a result she has accounts with many different banks and many accounts with each bank.\r\n\r\nWhen she adds a statment she wants to tag it under the account name. However, she would also like to tag it under banking and under the bank name but finds it frustrating that it doesn't do this automatically.\r\n\r\nShe would like to have the hierarchy Banking -> Bank -> Account Name and for the document to inherit the higher tags automatically. She would also like to see the tags as a \"docment\" strcuture in the tag bar.","reporter":"","created":"2010-02-28T13:08:49.275658+00:00","summary":"Do we want to introduce hierarchial tags?","priority":"Medium","externalId":"docnap-45","components":["all"],"issueType":"Story"},{"status":"Backlog","updated":"2010-02-28T13:19:05.671847+00:00","watchers":[""],"description":"Imported from https:\/\/bitbucket.org\/scarytom\/docnap\/issues\/46\/should-the-documents-be-ordered \n\n ","reporter":"","created":"2010-02-28T13:19:05.671835+00:00","summary":"Should the documents be ordered alphabetically?","priority":"Medium","externalId":"docnap-46","components":["all"],"issueType":"Story"},{"status":"Backlog","updated":"2010-02-28T13:27:44.672737+00:00","watchers":[""],"description":"Imported from https:\/\/bitbucket.org\/scarytom\/docnap\/issues\/47\/add-a-tag-to-multiple-documents-at-the \n\n Mr Rapee uses DocNap to manage his train spotting documents. \r\nHe his documents against both Train Type and features e.g. shiny wheels.\r\n\r\nDuring a recent train spotting convention Mr Rapee discovered that a number of the trains in the GH1 series all have blue wheel arches and he would like to add the Blue Wheel Arch tag to all of relevant documents.\r\n\r\nAs Mr Rapee is an avid train spotter he has a large number of documents about the GH1 series with Blue Wheel Arches and is finding it time consuming to tag each one seperatly.","reporter":"","created":"2010-02-28T13:27:44.672717+00:00","summary":"Add a tag to multiple documents at the same time","priority":"Medium","externalId":"docnap-47","components":["all"],"issueType":"Story"},{"status":"Backlog","updated":"2010-02-28T13:31:44.507570+00:00","watchers":[""],"description":"Imported from https:\/\/bitbucket.org\/scarytom\/docnap\/issues\/48\/create-ability-to-add-a-tag-without \n\n Mr Lewis uses DocNap to manage his bank statements and bills. He has decided that he would like to add a new tag called ToBePaid so that he can index bills that have not been paid and find them later.\r\n\r\nAt the moment Mr Lewis does not have any outstanding bills so has no documents to index against ToBePaid. However, he would still like to set up the tag.","reporter":"","created":"2010-02-28T13:31:44.507559+00:00","summary":"Create ability to add a tag without attaching to a document","priority":"Medium","externalId":"docnap-48","components":["all"],"issueType":"Story"},{"status":"Backlog","updated":"2010-01-31T13:14:47.265404+00:00","labels":["release 0.4"],"description":"Imported from https:\/\/bitbucket.org\/scarytom\/docnap\/issues\/29\/move-from-jsr296-to-bsaf \n\n http:\/\/java.sun.com\/developer\/technicalArticles\/javase\/swingappfr\/\n\nhttps:\/\/appframework.dev.java.net\/\n\nhttp:\/\/sourceforge.net\/projects\/bsaf\/files\/","reporter":"5b96769f63c47c2c7d3e5d74","created":"2010-01-31T13:14:47.265392+00:00","comments":[{"body":null,"created":"2010-01-31T13:15:02.077503+00:00","author":"5b96769f63c47c2c7d3e5d74"}],"summary":"Move from JSR296 to BSAF","priority":"Medium","assignee":"5b96769f63c47c2c7d3e5d74","watchers":["5b96769f63c47c2c7d3e5d74"],"externalId":"docnap-29","components":["all"],"issueType":"Story"},{"status":"Done","updated":"2010-02-10T13:24:30.049562+00:00","labels":["release 0.3"],"description":"Imported from https:\/\/bitbucket.org\/scarytom\/docnap\/issues\/30\/upgrade-junit-jar \n\n Upgrade JUnit jar","reporter":"5b96769f63c47c2c7d3e5d74","created":"2010-01-31T13:15:40.062525+00:00","comments":[{"body":"Add new JUnit jars refs #30\n\n→ <<cset ea4dda1d848b>>","created":"2010-01-31T17:51:43.557572+00:00","author":"5b96769f63c47c2c7d3e5d74"},{"body":"Include new jars and sourcepaths - fixes #30\n\n→ <<cset 31420b52dd80>>","created":"2010-01-31T17:51:43.792059+00:00","author":"5b96769f63c47c2c7d3e5d74"},{"body":"Remove old junit jars - refs #30\n\n→ <<cset 2f7dc8775af5>>","created":"2010-01-31T17:54:00.087405+00:00","author":"5b96769f63c47c2c7d3e5d74"},{"body":null,"created":"2010-02-10T13:24:30.105016+00:00","author":"5b96769f63c47c2c7d3e5d74"}],"summary":"Upgrade JUnit jar","priority":"Medium","assignee":"5b96769f63c47c2c7d3e5d74","watchers":["5b96769f63c47c2c7d3e5d74"],"externalId":"docnap-30","components":["all"],"issueType":"Story","resolution":"resolved"},{"status":"Backlog","updated":"2010-01-31T14:57:41.367149+00:00","labels":["release 0.4"],"description":"Imported from https:\/\/bitbucket.org\/scarytom\/docnap\/issues\/31\/review-hamcrest-dependency \n\n Included in JUnit.","reporter":"5b96769f63c47c2c7d3e5d74","created":"2010-01-31T14:57:41.367138+00:00","summary":"review hamcrest dependency","priority":"Medium","assignee":"5b96769f63c47c2c7d3e5d74","watchers":["5b96769f63c47c2c7d3e5d74"],"externalId":"docnap-31","components":["all"],"issueType":"Story"},{"status":"Backlog","updated":"2010-01-31T17:56:04.076945+00:00","labels":["release 0.4"],"description":"Imported from https:\/\/bitbucket.org\/scarytom\/docnap\/issues\/32\/allow-for-multiple-page-documents \n\n ","reporter":"5b96769f63c47c2c7d3e5d74","created":"2010-01-31T17:56:04.076933+00:00","summary":"Allow for multiple-page documents","priority":"Medium","assignee":"5b96769f63c47c2c7d3e5d74","watchers":["5b96769f63c47c2c7d3e5d74"],"externalId":"docnap-32","components":["all"],"issueType":"Story"},{"status":"Backlog","updated":"2010-02-02T12:38:24.912702+00:00","labels":["release 0.4"],"description":"Imported from https:\/\/bitbucket.org\/scarytom\/docnap\/issues\/33\/consider-building-a-native-executable \n\n Possibly this?\r\n\r\nhttp:\/\/sourceforge.net\/projects\/launch4j\/","reporter":"5b96769f63c47c2c7d3e5d74","created":"2010-02-02T12:37:53.071406+00:00","summary":"Consider building a native executable","priority":"Medium","assignee":"5b96769f63c47c2c7d3e5d74","watchers":["5b96769f63c47c2c7d3e5d74"],"externalId":"docnap-33","components":["all"],"issueType":"Story"},{"status":"Backlog","updated":"2010-04-03T12:11:06.488389+00:00","description":"Imported from https:\/\/bitbucket.org\/scarytom\/docnap\/issues\/49\/should-be-using-directory-selector-for \n\n At the moment we are using a file chooser to select the home directory. This is resulting in some unexpected actions from button presses.\r\n\r\nWhen using the file chooser pressing open usually opens the directory it does not \"select\" it for use.\r\n\r\nTraditionally (I belive) the directory chooser is used for choosing a directory?","created":"2010-04-03T12:11:06.488379+00:00","labels":["release 0.4"],"summary":"Should be using directory selector for choosing the home directory","priority":"Medium","externalId":"docnap-49","components":["all"],"issueType":"Story"},{"status":"Done","updated":"2010-02-28T14:16:36.396964+00:00","labels":["release 0.3"],"description":"Imported from https:\/\/bitbucket.org\/scarytom\/docnap\/issues\/35\/when-removing-a-document-does-prompt-to \n\n When removing a document doesn't prompt to check the user is sure about deleting the document","reporter":"","created":"2010-02-10T22:38:52.578606+00:00","comments":[{"body":null,"created":"2010-02-13T10:12:13.293140+00:00","author":""},{"body":null,"created":"2010-02-27T15:16:31.534130+00:00","author":""},{"body":"Check with the user that they want to remove the document before removing it fixes #35\n\n→ <<cset 00c4738a5bf9>>","created":"2010-02-28T10:25:28.280219+00:00","author":""},{"body":null,"created":"2010-02-28T14:16:36.447179+00:00","author":"5b96769f63c47c2c7d3e5d74"}],"summary":"When removing a document does prompt to check the user is sure","priority":"Medium","assignee":"5b96769f63c47c2c7d3e5d74","watchers":["5b96769f63c47c2c7d3e5d74",""],"externalId":"docnap-35","components":["all"],"issueType":"Story","resolution":"resolved"},{"status":"Done","updated":"2010-07-25T10:48:40.365355+00:00","affectedVersions":["0.2"],"description":"Imported from https:\/\/bitbucket.org\/scarytom\/docnap\/issues\/34\/canceling-the-selection-of-an-initial-home \n\n Launch the docnap application without prior configuration information (delete local settings first). This will present the file-chooser for selection of the initial home directory. If you cancel this dialog, the application will crash.\r\n\r\nThere is some debate over the desired function here: either exit the application without showing the main frame, or launch the application without a home directory selected. The latter would be preferable, but will require a lot of controls to be disabled - which may be some effort.\r\n\r\nThe final concern is that the current crash is proving difficult to create an end-to-end test for. I suspect this would be easier if we went for option 2.","reporter":"5b96769f63c47c2c7d3e5d74","fixedVersions":["0.2"],"labels":["release 0.3"],"created":"2010-02-10T12:53:46.478393+00:00","comments":[{"body":"<<changeset 9eee35dea482>>","created":"2010-07-25T10:48:40.350513+00:00","author":"5b96769f63c47c2c7d3e5d74"}],"summary":"Canceling the selection of an initial home directory causes crash","priority":"Medium","assignee":"5b96769f63c47c2c7d3e5d74","watchers":["5b96769f63c47c2c7d3e5d74"],"externalId":"docnap-34","components":["swingclient"],"issueType":"Bug","resolution":"resolved"},{"status":"Backlog","updated":"2010-02-28T10:29:34.479389+00:00","labels":["release 0.4"],"description":"Imported from https:\/\/bitbucket.org\/scarytom\/docnap\/issues\/36\/date-added-on-document-window-changes \n\n When the document window is launched the Date Added is in the format 30-Jan-2010. When the user clicks on the field it changes to 30\/01\/2010.","reporter":"","created":"2010-02-28T10:29:34.479379+00:00","summary":"Date Added on Document Window Changes format when clicked","priority":"Medium","assignee":"5b96769f63c47c2c7d3e5d74","watchers":["5b96769f63c47c2c7d3e5d74",""],"externalId":"docnap-36","components":["all"],"issueType":"Story"},{"status":"Backlog","updated":"2010-02-28T10:34:20.313821+00:00","labels":["release 0.4"],"description":"Imported from https:\/\/bitbucket.org\/scarytom\/docnap\/issues\/37\/tag-bar-resizes-itself-past-screen-and \n\n If you launch docnap in a small window and then choose a document with a few tags. The combo box does not resize itself to be smaller and the tar bar increases its size beyond the end of the screen. Doing this also expands the size of the document panel beyond the edge of the screen.","reporter":"","created":"2010-02-28T10:34:20.313806+00:00","summary":"Tag Bar Resizes itself past screen and takes document panel with it","priority":"Medium","assignee":"5b96769f63c47c2c7d3e5d74","watchers":["5b96769f63c47c2c7d3e5d74",""],"externalId":"docnap-37","components":["all"],"issueType":"Story"},{"status":"Done","updated":"2010-01-30T18:31:09.743683+00:00","labels":["release 0.3"],"description":"Imported from https:\/\/bitbucket.org\/scarytom\/docnap\/issues\/20\/include-number-of-documents-in-brackets \n\n In the tag list on the main screen, include number of documents in brackets after each tag.","reporter":"5b96769f63c47c2c7d3e5d74","created":"2009-09-01T12:28:45.263775+00:00","comments":[{"body":null,"created":"2009-10-01T21:24:24.963028+00:00","author":"5b96769f63c47c2c7d3e5d74"},{"body":"Added documentCount to Tag and Tag Test ref #20\n\n→ <<cset 2b6642b17e46>>","created":"2010-01-30T18:31:08.802802+00:00","author":"5b96769f63c47c2c7d3e5d74"},{"body":"Changed to string method to return \"\" rather than null if title isn't set\nref #20\n\n→ <<cset 700279205739>>","created":"2010-01-30T18:31:09.030613+00:00","author":"5b96769f63c47c2c7d3e5d74"},{"body":"Added TagLisEntry and Test. ref #20\n\n→ <<cset 06403fd6aeb7>>","created":"2010-01-30T18:31:09.257242+00:00","author":"5b96769f63c47c2c7d3e5d74"},{"body":"Added document count to tag display except for all tag ref #20\n\n→ <<cset 726c1d2639c5>>","created":"2010-01-30T18:31:09.485305+00:00","author":"5b96769f63c47c2c7d3e5d74"},{"body":"Added getCount to document repository to set the number of documents in the all tag. Fixes #20\n\n→ <<cset 5948adb6f19b>>","created":"2010-01-30T18:31:09.738550+00:00","author":"5b96769f63c47c2c7d3e5d74"}],"summary":"Include number of documents in brackets after each tag","priority":"Medium","assignee":"5b96769f63c47c2c7d3e5d74","watchers":["5b96769f63c47c2c7d3e5d74"],"externalId":"docnap-20","components":["all"],"issueType":"Story","resolution":"resolved"},{"status":"Backlog","updated":"2010-04-03T12:18:23.702141+00:00","labels":["release 0.4"],"description":"Imported from https:\/\/bitbucket.org\/scarytom\/docnap\/issues\/50\/error-retrieving-files-with-no-file \n\n Some files like BUILDING in the docnap directory don't have an extension. When pressing retrieve document the repository tries to get the extension and causes an index out of bounds exception.\r\n\r\nThink this may also be an issue for the saving to XML.","reporter":"","created":"2010-04-03T12:18:23.702132+00:00","summary":"Error retrieving files with no file extension","priority":"Medium","assignee":"5b96769f63c47c2c7d3e5d74","watchers":["5b96769f63c47c2c7d3e5d74",""],"externalId":"docnap-50","components":["all"],"issueType":"Story"},{"status":"Done","updated":"2010-02-28T14:11:24.211929+00:00","labels":["release 0.3"],"description":"Imported from https:\/\/bitbucket.org\/scarytom\/docnap\/issues\/14\/make-the-add-tag-textfield-an-editable \n\n So that it is easier to accurately add existing tags to a document, change the text field on the document properties window to be an editable combo-box.","reporter":"5b96769f63c47c2c7d3e5d74","created":"2009-08-31T17:32:32.181833+00:00","comments":[{"body":null,"created":"2009-10-01T21:24:17.397528+00:00","author":"5b96769f63c47c2c7d3e5d74"},{"body":"Added findUnlinkedTagsByDocumentId ref #14\n\n→ <<cset 81482021c707>>","created":"2010-02-04T23:44:24.189073+00:00","author":""},{"body":"revised tag combo box functionality refs #14\n\n→ <<cset f5ec8e4a76e3>>","created":"2010-02-04T23:44:24.465766+00:00","author":""},{"body":null,"created":"2010-02-28T14:11:24.259502+00:00","author":"5b96769f63c47c2c7d3e5d74"}],"summary":"Make the add-tag textfield an editable combo box.","priority":"Medium","assignee":"","watchers":[""],"externalId":"docnap-14","components":["swingclient"],"issueType":"Story","resolution":"resolved"},{"status":"Done","updated":"2009-08-31T11:37:34.877307+00:00","labels":["release 0.2"],"description":"Imported from https:\/\/bitbucket.org\/scarytom\/docnap\/issues\/10\/automate-swingclient-version-display \n\n Update swingclient build to put the version into the application properties file.\n\n{{{\n#!xml\n<propertyfile\n    file=\"my.properties\"\n    comment=\"My properties\">\n  <entry  key=\"akey\" value=\"avalue\"\/>\n  <entry  key=\"adate\" type=\"date\" value=\"now\"\/>\n  <entry  key=\"anint\" type=\"int\" operation=\"+\"\/>\n  <entry  key=\"formated.int\" type=\"int\" default=\"0013\" operation=\"+\" pattern=\"0000\"\/>\n  <entry  key=\"formated.date\" type=\"date\" value=\"now\" pattern=\"DDD HH:mm\"\/>\n<\/propertyfile>\n}}}\n","reporter":"5b96769f63c47c2c7d3e5d74","created":"2009-08-31T11:37:34.877297+00:00","comments":[{"body":null,"created":"2009-08-31T11:38:04.341137+00:00","author":"5b96769f63c47c2c7d3e5d74"},{"body":"get the swingclient build to update the Application properties file with the version number (fixes #10).\n\n→ <<cset 3343726d58fb>>","created":"2009-08-31T11:53:36.470749+00:00","author":"5b96769f63c47c2c7d3e5d74"}],"summary":"Automate swingclient version display.","priority":"Medium","assignee":"5b96769f63c47c2c7d3e5d74","watchers":["5b96769f63c47c2c7d3e5d74"],"externalId":"docnap-10","components":["swingclient"],"issueType":"Story","resolution":"resolved"},{"status":"Done","updated":"2009-09-12T08:27:03.829864+00:00","affectedVersions":["0.1"],"description":"Imported from https:\/\/bitbucket.org\/scarytom\/docnap\/issues\/26\/entering-an-invalid-file-name-on-the-index \n\n Entering an invalid file name on the \"index file\" screen causes the entire box to be cleared when you tab out.","reporter":"5b96769f63c47c2c7d3e5d74","fixedVersions":["0.1"],"labels":["release 0.2"],"created":"2009-09-12T08:27:03.829851+00:00","comments":[{"body":"Correct connector on browse bar - fixes #26\n\n→ <<cset bf954e257479>>","created":"2009-09-12T08:37:29.059340+00:00","author":"5b96769f63c47c2c7d3e5d74"}],"summary":"Entering an invalid file name on the \"index file\" screen","priority":"Medium","assignee":"5b96769f63c47c2c7d3e5d74","watchers":["5b96769f63c47c2c7d3e5d74"],"externalId":"docnap-26","components":["swingclient"],"issueType":"Bug","resolution":"resolved"},{"status":"Done","updated":"2009-08-31T17:30:05.987299+00:00","labels":["release 0.2"],"description":"Imported from https:\/\/bitbucket.org\/scarytom\/docnap\/issues\/12\/add-separator-between-tags-list-and \n\n Tidy up the GUI a bit by adding a separator between the tags and the documents in the main application view.","reporter":"5b96769f63c47c2c7d3e5d74","created":"2009-08-31T17:30:05.987289+00:00","comments":[{"body":"Improve visual separation of tags list and documents list. Fixes #12.\n\n→ <<cset 1aeea84033b1>>","created":"2009-09-05T09:00:47.413372+00:00","author":"5b96769f63c47c2c7d3e5d74"}],"summary":"Add separator between tags list and document list","priority":"Medium","assignee":"5b96769f63c47c2c7d3e5d74","watchers":["5b96769f63c47c2c7d3e5d74"],"externalId":"docnap-12","components":["swingclient"],"issueType":"Story","resolution":"resolved"},{"status":"Done","updated":"2009-09-14T16:18:31.248264+00:00","labels":["release 0.2"],"description":"Imported from https:\/\/bitbucket.org\/scarytom\/docnap\/issues\/15\/add-an-icon \n\n Give the application a proper icon.","reporter":"5b96769f63c47c2c7d3e5d74","created":"2009-08-31T17:34:11.614083+00:00","comments":[{"body":"Add (albeit rubbish) icon for the application - fixes #15.\n\n→ <<cset 391816351fd6>>","created":"2009-09-05T10:32:17.970310+00:00","author":"5b96769f63c47c2c7d3e5d74"}],"summary":"Add an icon","priority":"Medium","assignee":"5b96769f63c47c2c7d3e5d74","watchers":["5b96769f63c47c2c7d3e5d74"],"externalId":"docnap-15","components":["swingclient"],"issueType":"Story","resolution":"resolved"},{"status":"Done","updated":"2010-02-28T14:09:22.487830+00:00","labels":["release 0.3"],"description":"Imported from https:\/\/bitbucket.org\/scarytom\/docnap\/issues\/23\/export-function \n\n Provide some way to export all of the files from the DMS with their original names (with incrementing numerical suffixes where duplicate names prevent this).\r\n\r\nConsider making the output of this a single zip file.","reporter":"5b96769f63c47c2c7d3e5d74","created":"2009-09-02T17:57:58.798941+00:00","comments":[{"body":null,"created":"2009-09-02T17:58:13.976012+00:00","author":"5b96769f63c47c2c7d3e5d74"},{"body":"If we output as a single archive file, we could choose an archive format that permits duplicate file names.","created":"2010-02-01T22:44:51.400868+00:00","author":"5b96769f63c47c2c7d3e5d74"},{"body":"Could give the option to export with titles, rather than original filenames.","created":"2010-02-01T22:45:18.392423+00:00","author":"5b96769f63c47c2c7d3e5d74"},{"body":null,"created":"2010-02-04T23:39:59.485800+00:00","author":""},{"body":null,"created":"2010-02-28T14:09:22.515358+00:00","author":"5b96769f63c47c2c7d3e5d74"}],"summary":"Export function","priority":"Medium","assignee":"5b96769f63c47c2c7d3e5d74","watchers":["5b96769f63c47c2c7d3e5d74"],"externalId":"docnap-23","components":["all"],"issueType":"Story","resolution":"resolved"},{"status":"Done","updated":"2009-08-21T22:45:05.380748+00:00","labels":["release 0.1"],"description":"Imported from https:\/\/bitbucket.org\/scarytom\/docnap\/issues\/1\/display-indexed-documents \n\n Show the user a list of all the documents contained in the DMS.","reporter":"5b96769f63c47c2c7d3e5d74","created":"2009-08-07T21:41:57.260271+00:00","comments":[{"body":"<<changeset 75c389203a9c>>","created":"2009-08-07T21:43:46.905203+00:00","author":"5b96769f63c47c2c7d3e5d74"},{"body":null,"created":"2009-08-21T22:45:06.563347+00:00","author":"5b96769f63c47c2c7d3e5d74"}],"summary":"Display indexed documents.","priority":"Medium","assignee":"5b96769f63c47c2c7d3e5d74","watchers":["5b96769f63c47c2c7d3e5d74"],"externalId":"docnap-1","components":["swingclient"],"issueType":"Story","resolution":"resolved"},{"status":"Done","updated":"2010-02-10T22:38:12.207767+00:00","labels":["release 0.3"],"description":"Imported from https:\/\/bitbucket.org\/scarytom\/docnap\/issues\/24\/allow-a-document-to-be-removed-from-the \n\n ","reporter":"5b96769f63c47c2c7d3e5d74","created":"2009-09-04T07:47:27.778976+00:00","comments":[{"body":"Renaming of IDocumentRepository methods and addition of remove File button refs #24\n\n→ <<cset 171fd9e2fad7>>","created":"2010-02-06T21:26:18.529601+00:00","author":""},{"body":null,"created":"2010-02-10T22:38:12.233043+00:00","author":""}],"summary":"Allow a document to be removed from the DMS","priority":"Medium","assignee":"5b96769f63c47c2c7d3e5d74","watchers":["5b96769f63c47c2c7d3e5d74"],"externalId":"docnap-24","components":["all"],"issueType":"Story","resolution":"resolved"},{"status":"Done","updated":"2010-08-22T21:53:35.587993+00:00","watchers":[""],"description":"Imported from https:\/\/bitbucket.org\/scarytom\/docnap\/issues\/27\/add-tag-manangement-facilities \n\n ","reporter":"5b96769f63c47c2c7d3e5d74","created":"2009-09-14T07:09:39.922705+00:00","comments":[{"body":"Initial version of version manager ref #27\n\n→ <<cset 6176f4d49a37>>","created":"2010-02-21T23:44:20.216377+00:00","author":""},{"body":null,"created":"2010-02-28T14:09:59.894534+00:00","author":"5b96769f63c47c2c7d3e5d74"},{"body":null,"created":"2010-02-28T14:10:07.541430+00:00","author":"5b96769f63c47c2c7d3e5d74"},{"body":null,"created":"2010-08-22T21:53:35.636641+00:00","author":"5b96769f63c47c2c7d3e5d74"}],"summary":"Add Tag manangement facilities","priority":"Medium","assignee":"","externalId":"docnap-27","issueType":"Story","resolution":"resolved"}],"description":"Issues exported from https:\/\/bitbucket.org\/scarytom\/docnap"}]}